time,soma,dend,iampar,inmdar
0,-19000,-61,-0,-0
1.01989e-05,-18947.6,-61,-0,-0
2.03977e-05,-18903.5,-61,-0,-0
3.73594e-05,-18841.4,-61,-0,-0
5.43211e-05,-18790.6,-61,-0,-0
0.000103642,-18677.8,-61,-0,-0
0.000152964,-18597.5,-61,-0,-0
0.000202285,-18532,-61,-0,-0
0.000251606,-18474.2,-61,-0,-0
0.000300927,-18421.6,-61,-0,-0
0.000400599,-18327.9,-61,-0,-0
0.000500271,-18248.5,-61,-0,-0
0.000676081,-18133.5,-61,-0,-0
0.000851891,-18040,-61,-0,-0
0.00112911,-17916.7,-61,-0,-0
0.00140634,-17806.9,-61,-0,-0
0.00168356,-17702.7,-61,-0,-0
0.00196078,-17602.2,-61,-0,-0
0.00223801,-17504.9,-61,-0,-0
0.0027439,-17334,-61,-0,-0
0.0032498,-17169.1,-61,-0,-0
0.0037557,-17008.2,-61,-0,-0
0.00452936,-16768.8,-61,-0,-0
0.00530302,-16536,-61,-0,-0
0.00649484,-16189,-61,-0,-0
0.00768667,-15854.5,-61,-0,-0
0.0088785,-15531.2,-61,-0,-0
0.0110081,-14978.6,-61,-0,-0
0.0131376,-14455.3,-61,-0,-0
0.0152672,-13958.6,-61,-0,-0
0.0173967,-13486,-61,-0,-0
0.0195263,-13035.6,-61,-0,-0
0.0228847,-12366.4,-61,-0,-0
0.0262431,-11743.3,-61,-0,-0
0.0296015,-11161.9,-61,-0,-0
0.03296,-10618.5,-61,-0,-0
0.0363184,-10109.9,-61,-0,-0
0.0419899,-9321.98,-61,-0,-0
0.0476614,-8613.44,-61,-0,-0
0.0533329,-7974.66,-61,-0,-0
0.0590044,-7397.48,-61,-0,-0
0.0646759,-6874.87,-61.0001,-0,-0
0.0735782,-6150.21,-61.0003,-0,-0
0.0824805,-5525.54,-61.0008,-0,-0
0.0913829,-4985.18,-61.0018,-0,-0
0.105182,-4284.33,-61.0049,-0,-0
0.118981,-3716.97,-61.0108,-0,-0
0.132779,-3254.74,-61.0207,-0,-0
0.146578,-2875.79,-61.0356,-0,-0
0.160377,-2562.8,-61.0566,-0,-0
0.174176,-2302.33,-61.0841,-0,-0
0.187975,-2084.23,-61.1186,-0,-0
0.209856,-1806.41,-61.188,-0,-0
0.231737,-1592.03,-61.2751,-0,-0
0.253618,-1424.16,-61.3784,-0,-0
0.275499,-1290.67,-61.4963,-0,-0
0.29738,-1182.95,-61.6266,-0,-0
0.319262,-1094.96,-61.7672,-0,-0
0.355216,-982.156,-62.0154,-0,-0
0.39117,-897.496,-62.2778,-0,-0
0.427124,-831.752,-62.5479,-0,-0
0.463078,-778.999,-62.8209,-0,-0
0.499032,-735.844,-63.0928,-0,-0
0.534986,-700.173,-63.3608,-0,-0
0.57094,-670.249,-63.623,-0,-0
0.63243,-629.011,-64.0545,-0,-0
0.69392,-596.556,-64.4626,-0,-0
0.75541,-569.462,-64.8465,-0,-0
0.8169,-545.983,-65.2063,-0,-0
0.87839,-525.798,-65.5432,-0,-0
0.939881,-508.619,-65.8587,-0,-0
1.00137,-493.637,-66.1547,-0,-0
1.06286,-480.1,-66.433,-0,-0
1.12435,-467.752,-66.6951,-0,-0
1.21732,-451.013,-67.064,-0,-0
1.31029,-436.303,-67.404,-0,-0
1.40326,-423.29,-67.7194,-0,-0
1.49623,-411.527,-68.0136,-0,-0
1.58921,-400.635,-68.2896,-0,-0
1.73653,-384.863,-68.6952,-0,-0
1.98668,-361.319,-69.3138,-0,-0
2.23683,-341.193,-69.8649,-0,-0
2.48698,-323.817,-70.3636,-0,-0
2.73713,-308.305,-70.8193,-0,-0
2.98729,-294.151,-71.2387,-0,-0
3.23744,-281.216,-71.6271,-0,-0
3.48759,-269.394,-71.9879,-0,-0
3.73774,-258.537,-72.3237,-0,-0
3.98789,-248.517,-72.6367,-0,-0
4.23804,-239.252,-72.9285,-0,-0
4.65343,-225.337,-73.3708,-0,-0
5.06882,-213.017,-73.7662,-0,-0
5.4842,-202.059,-74.12,-0,-0
5.89959,-192.274,-74.4372,-0,-0
6.31498,-183.506,-74.722,-0,-0
6.73036,-175.621,-74.9783,-0,-0
7.41307,-164.294,-75.346,-0,-0
8.09577,-154.659,-75.6576,-0,-0
8.77847,-146.411,-75.9232,-0,-0
9.46117,-139.311,-76.1506,-0,-0
10,-134.389,-76.3076,-0,-0
10,-134.389,-76.3076,-0,-0
10.0849,-133.668,-76.3305,-0,-0
10.1699,-132.959,-76.3531,-0,-0
10.3427,-131.551,-76.3978,-0,-0
10.5154,-130.185,-76.4412,-0,-0
10.6882,-128.863,-76.4832,-0,-0
11.0271,-126.394,-76.5614,-0,-0
11.6036,-122.544,-76.6833,-0,-0
12.18,-119.091,-76.7925,-0,-0
12.7564,-115.99,-76.8906,-0,-0
13.734,-111.418,-77.0356,-0,-0
14.7115,-107.581,-77.1582,-0,-0
15.6891,-104.339,-77.2629,-0,-0
16.6667,-101.58,-77.3532,-0,-0
17.6443,-99.2193,-77.432,-0,-0
18.6219,-97.1906,-77.5011,-0,-0
19.5995,-95.4414,-77.562,-0,-0
20.577,-93.9287,-77.6159,-0,-0
22.0449,-92.0263,-77.6859,-0,-0
23.5128,-90.4813,-77.745,-0,-0
24.9807,-89.2193,-77.7952,-0,-0
27.2029,-87.7234,-77.8576,-0,-0
29.425,-86.6049,-77.9069,-0,-0
31.6472,-85.765,-77.946,-0,-0
33.8694,-85.131,-77.9771,-0,-0
36.0916,-84.6487,-78.002,-0,-0
38.3137,-84.2789,-78.0218,-0,-0
40.5359,-83.9939,-78.0378,-0,-0
43.8719,-83.681,-78.056,-0,-0
47.2079,-83.4659,-78.0692,-0,-0
50.5438,-83.3186,-78.0786,-0,-0
53.8798,-83.2176,-78.0854,-0,-0
57.2158,-83.1478,-78.0902,-0,-0
60.5518,-83.0989,-78.0937,-0,-0
65.8623,-83.0484,-78.0974,-0,-0
71.1728,-83.0188,-78.0997,-0,-0
76.4833,-83.0022,-78.101,-0,-0
81.7938,-82.9934,-78.1017,-0,-0
87.1043,-82.9887,-78.1021,-0,-0
92.4148,-82.986,-78.1024,-0,-0
102.415,-82.9828,-78.1027,-0,-0
112.415,-82.9811,-78.1028,-0,-0
122.415,-82.9809,-78.1028,-0,-0
132.415,-82.9815,-78.1028,-0,-0
142.415,-82.9819,-78.1028,-0,-0
152.415,-82.982,-78.1028,-0,-0
162.415,-82.982,-78.1028,-0,-0
172.415,-82.9819,-78.1028,-0,-0
182.415,-82.982,-78.1028,-0,-0
192.415,-82.982,-78.1028,-0,-0
202.415,-82.982,-78.1028,-0,-0
212.415,-82.982,-78.1028,-0,-0
222.415,-82.982,-78.1028,-0,-0
232.415,-82.982,-78.1028,-0,-0
242.415,-82.982,-78.1028,-0,-0
252.415,-82.982,-78.1028,-0,-0
262.415,-82.982,-78.1028,-0,-0
272.415,-82.982,-78.1028,-0,-0
282.415,-82.982,-78.1028,-0,-0
292.415,-82.982,-78.1028,-0,-0
302.415,-82.982,-78.1028,-0,-0
312.415,-82.982,-78.1028,-0,-0
322.415,-82.982,-78.1028,-0,-0
332.415,-82.982,-78.1028,-0,-0
342.415,-82.982,-78.1028,-0,-0
352.415,-82.982,-78.1028,-0,-0
362.415,-82.982,-78.1028,-0,-0
372.415,-82.982,-78.1028,-0,-0
382.415,-82.982,-78.1028,-0,-0
392.415,-82.982,-78.1028,-0,-0
402.415,-82.982,-78.1028,-0,-0
412.415,-82.982,-78.1028,-0,-0
422.415,-82.982,-78.1028,-0,-0
432.415,-82.982,-78.1028,-0,-0
442.415,-82.982,-78.1028,-0,-0
452.415,-82.982,-78.1028,-0,-0
462.415,-82.982,-78.1028,-0,-0
472.415,-82.982,-78.1028,-0,-0
482.415,-82.982,-78.1028,-0,-0
492.415,-82.982,-78.1028,-0,-0
502.415,-82.982,-78.1028,-0,-0
512.415,-82.982,-78.1028,-0,-0
522.415,-82.982,-78.1028,-0,-0
532.415,-82.982,-78.1028,-0,-0
542.415,-82.982,-78.1028,-0,-0
552.415,-82.982,-78.1028,-0,-0
562.415,-82.982,-78.1028,-0,-0
572.415,-82.982,-78.1028,-0,-0
582.415,-82.982,-78.1028,-0,-0
592.415,-82.982,-78.1028,-0,-0
602.415,-82.982,-78.1028,-0,-0
612.415,-82.982,-78.1028,-0,-0
622.415,-82.982,-78.1028,-0,-0
632.415,-82.982,-78.1028,-0,-0
642.415,-82.982,-78.1028,-0,-0
652.415,-82.982,-78.1028,-0,-0
662.415,-82.982,-78.1028,-0,-0
672.415,-82.982,-78.1028,-0,-0
682.415,-82.982,-78.1028,-0,-0
692.415,-82.982,-78.1028,-0,-0
702.415,-82.982,-78.1028,-0,-0
712.415,-82.982,-78.1028,-0,-0
722.415,-82.982,-78.1028,-0,-0
732.415,-82.982,-78.1028,-0,-0
742.415,-82.982,-78.1028,-0,-0
752.415,-82.982,-78.1028,-0,-0
762.415,-82.982,-78.1028,-0,-0
772.415,-82.982,-78.1028,-0,-0
782.415,-82.982,-78.1028,-0,-0
792.415,-82.982,-78.1028,-0,-0
802.415,-82.982,-78.1028,-0,-0
812.415,-82.982,-78.1028,-0,-0
822.415,-82.982,-78.1028,-0,-0
832.415,-82.982,-78.1028,-0,-0
842.415,-82.982,-78.1028,-0,-0
852.415,-82.982,-78.1028,-0,-0
862.415,-82.982,-78.1028,-0,-0
872.415,-82.982,-78.1028,-0,-0
882.415,-82.982,-78.1028,-0,-0
892.415,-82.982,-78.1028,-0,-0
902.415,-82.982,-78.1028,-0,-0
912.415,-82.982,-78.1028,-0,-0
922.415,-82.982,-78.1028,-0,-0
932.415,-82.982,-78.1028,-0,-0
942.415,-82.982,-78.1028,-0,-0
952.415,-82.982,-78.1028,-0,-0
962.415,-82.982,-78.1028,-0,-0
972.415,-82.982,-78.1028,-0,-0
982.415,-82.982,-78.1028,-0,-0
992.415,-82.982,-78.1028,-0,-0
1002.41,-82.982,-78.1028,-0,-0
1012.41,-82.982,-78.1028,-0,-0
1022.41,-82.982,-78.1028,-0,-0
1032.41,-82.982,-78.1028,-0,-0
1042.41,-82.982,-78.1028,-0,-0
1052.41,-82.982,-78.1028,-0,-0
1062.41,-82.982,-78.1028,-0,-0
1072.41,-82.982,-78.1028,-0,-0
1082.41,-82.982,-78.1028,-0,-0
1092.41,-82.982,-78.1028,-0,-0
1102.41,-82.982,-78.1028,-0,-0
1112.41,-82.982,-78.1028,-0,-0
1122.41,-82.982,-78.1028,-0,-0
1132.41,-82.982,-78.1028,-0,-0
1142.41,-82.982,-78.1028,-0,-0
1152.41,-82.982,-78.1028,-0,-0
1162.41,-82.982,-78.1028,-0,-0
1172.41,-82.982,-78.1028,-0,-0
1182.41,-82.982,-78.1028,-0,-0
1192.41,-82.982,-78.1028,-0,-0
1202.41,-82.982,-78.1028,-0,-0
1212.41,-82.982,-78.1028,-0,-0
1222.41,-82.982,-78.1028,-0,-0
1232.41,-82.982,-78.1028,-0,-0
1242.41,-82.982,-78.1028,-0,-0
1252.41,-82.982,-78.1028,-0,-0
1262.41,-82.982,-78.1028,-0,-0
1272.41,-82.982,-78.1028,-0,-0
1282.41,-82.982,-78.1028,-0,-0
1292.41,-82.982,-78.1028,-0,-0
1302.41,-82.982,-78.1028,-0,-0
1312.41,-82.982,-78.1028,-0,-0
1322.41,-82.982,-78.1028,-0,-0
1332.41,-82.982,-78.1028,-0,-0
1342.41,-82.982,-78.1028,-0,-0
1352.41,-82.982,-78.1028,-0,-0
1362.41,-82.982,-78.1028,-0,-0
1372.41,-82.982,-78.1028,-0,-0
1382.41,-82.982,-78.1028,-0,-0
1392.41,-82.982,-78.1028,-0,-0
1402.41,-82.982,-78.1028,-0,-0
1412.41,-82.982,-78.1028,-0,-0
1422.41,-82.982,-78.1028,-0,-0
1432.41,-82.982,-78.1028,-0,-0
1442.41,-82.982,-78.1028,-0,-0
1452.41,-82.982,-78.1028,-0,-0
1462.41,-82.982,-78.1028,-0,-0
1472.41,-82.982,-78.1028,-0,-0
1482.41,-82.982,-78.1028,-0,-0
1492.41,-82.982,-78.1028,-0,-0
1502.41,-82.982,-78.1028,-0,-0
1512.41,-82.982,-78.1028,-0,-0
1522.41,-82.982,-78.1028,-0,-0
1532.41,-82.982,-78.1028,-0,-0
1542.41,-82.982,-78.1028,-0,-0
1552.41,-82.982,-78.1028,-0,-0
1562.41,-82.982,-78.1028,-0,-0
1572.41,-82.982,-78.1028,-0,-0
1582.41,-82.982,-78.1028,-0,-0
1592.41,-82.982,-78.1028,-0,-0
1602.41,-82.982,-78.1028,-0,-0
1612.41,-82.982,-78.1028,-0,-0
1622.41,-82.982,-78.1028,-0,-0
1632.41,-82.982,-78.1028,-0,-0
1642.41,-82.982,-78.1028,-0,-0
1652.41,-82.982,-78.1028,-0,-0
1662.41,-82.982,-78.1028,-0,-0
1672.41,-82.982,-78.1028,-0,-0
1682.41,-82.982,-78.1028,-0,-0
1692.41,-82.982,-78.1028,-0,-0
1702.41,-82.982,-78.1028,-0,-0
1712.41,-82.982,-78.1028,-0,-0
1722.41,-82.982,-78.1028,-0,-0
1732.41,-82.982,-78.1028,-0,-0
1742.41,-82.982,-78.1028,-0,-0
1752.41,-82.982,-78.1028,-0,-0
1762.41,-82.982,-78.1028,-0,-0
1772.41,-82.982,-78.1028,-0,-0
1782.41,-82.982,-78.1028,-0,-0
1792.41,-82.982,-78.1028,-0,-0
1802.41,-82.982,-78.1028,-0,-0
1812.41,-82.982,-78.1028,-0,-0
1822.41,-82.982,-78.1028,-0,-0
1832.41,-82.982,-78.1028,-0,-0
1842.41,-82.982,-78.1028,-0,-0
1852.41,-82.982,-78.1028,-0,-0
1862.41,-82.982,-78.1028,-0,-0
1872.41,-82.982,-78.1028,-0,-0
1882.41,-82.982,-78.1028,-0,-0
1892.41,-82.982,-78.1028,-0,-0
1902.41,-82.982,-78.1028,-0,-0
1912.41,-82.982,-78.1028,-0,-0
1922.41,-82.982,-78.1028,-0,-0
1932.41,-82.982,-78.1028,-0,-0
1942.41,-82.982,-78.1028,-0,-0
1952.41,-82.982,-78.1028,-0,-0
1962.41,-82.982,-78.1028,-0,-0
1972.41,-82.982,-78.1028,-0,-0
1982.41,-82.982,-78.1028,-0,-0
1992.41,-82.982,-78.1028,-0,-0
2000,-82.982,-78.1028,-0,-0
2000,-82.982,-78.1028,-0,-0
2000.01,-82.982,-78.0912,-0.274392,-0
2000.02,-82.982,-78.0714,-0.547222,-0
2000.03,-82.982,-78.0278,-0.992606,-0
2000.05,-82.982,-77.9727,-1.4339,-0
2000.07,-82.9821,-77.8344,-2.30851,-0
2000.1,-82.9824,-77.6672,-3.16393,-0
2000.13,-82.9834,-77.4785,-3.99973,-0
2000.18,-82.9883,-77.1445,-5.29431,-0
2000.22,-83.0007,-76.7811,-6.53861,-0
2000.29,-83.048,-76.1591,-8.42982,-0
2000.37,-83.1428,-75.5097,-10.1985,-0
2000.44,-83.295,-74.8479,-11.8501,-0
2000.51,-83.506,-74.1831,-13.3904,-0
2000.58,-83.771,-73.5214,-14.8252,-0
2000.68,-84.2098,-72.6249,-16.6382,-0
2000.78,-84.7173,-71.7531,-18.2778,-0
2000.88,-85.276,-70.9122,-19.7583,-0
2000.98,-85.8712,-70.1059,-21.0932,-0
2001.08,-86.4907,-69.3361,-22.2947,-0
2001.18,-87.1245,-68.6035,-23.3741,-0
2001.28,-87.7644,-67.9082,-24.3417,-0
2001.38,-88.4041,-67.2498,-25.2068,-0
2001.48,-89.0386,-66.6273,-25.9781,-0
2001.58,-89.6641,-66.0398,-26.6632,-0
2001.68,-90.2776,-65.4861,-27.2693,-0
2001.78,-90.8769,-64.9648,-27.8028,-0
2001.88,-91.4604,-64.4746,-28.2695,-0
2001.98,-92.027,-64.0143,-28.6748,-0
2002.08,-92.5758,-63.5826,-29.0237,-0
2002.18,-93.1064,-63.1781,-29.3204,-0
2002.28,-93.6184,-62.7996,-29.5692,-0
2002.38,-94.1117,-62.446,-29.7737,-0
2002.48,-94.5863,-62.1162,-29.9374,-0
2002.58,-95.0424,-61.8091,-30.0634,-0
2002.68,-95.4801,-61.5236,-30.1546,-0
2002.78,-95.8996,-61.2589,-30.2137,-0
2002.88,-96.3013,-61.0139,-30.2431,-0
2002.98,-96.6853,-60.7879,-30.2451,-0
2003.08,-97.0522,-60.58,-30.2217,-0
2003.18,-97.4022,-60.3893,-30.1749,-0
2003.28,-97.7357,-60.2153,-30.1064,-0
2003.38,-98.053,-60.0571,-30.018,-0
2003.48,-98.3545,-59.9141,-29.911,-0
2003.58,-98.6406,-59.7856,-29.787,-0
2003.68,-98.9117,-59.6711,-29.6471,-0
2003.78,-99.168,-59.5699,-29.4927,-0
2003.88,-99.4101,-59.4815,-29.3248,-0
2003.98,-99.6382,-59.4054,-29.1445,-0
2004.08,-99.8527,-59.341,-28.9528,-0
2004.18,-100.054,-59.288,-28.7505,-0
2004.28,-100.242,-59.2457,-28.5386,-0
2004.38,-100.418,-59.2138,-28.3177,-0
2004.48,-100.582,-59.1919,-28.0886,-0
2004.58,-100.734,-59.1795,-27.8519,-0
2004.68,-100.874,-59.1762,-27.6084,-0
2004.78,-101.003,-59.1818,-27.3587,-0
2004.88,-101.121,-59.1957,-27.1031,-0
2004.98,-101.228,-59.2176,-26.8424,-0
2005.08,-101.325,-59.2473,-26.5769,-0
2005.18,-101.412,-59.2844,-26.3072,-0
2005.28,-101.489,-59.3286,-26.0336,-0
2005.38,-101.557,-59.3795,-25.7565,-0
2005.48,-101.616,-59.4369,-25.4764,-0
2005.58,-101.665,-59.5006,-25.1935,-0
2005.68,-101.707,-59.5702,-24.9082,-0
2005.78,-101.739,-59.6454,-24.6209,-0
2005.88,-101.764,-59.7261,-24.3318,-0
2005.98,-101.781,-59.812,-24.0411,-0
2006.08,-101.79,-59.9028,-23.7493,-0
2006.18,-101.792,-59.9983,-23.4564,-0
2006.28,-101.787,-60.0983,-23.1627,-0
2006.38,-101.775,-60.2026,-22.8685,-0
2006.48,-101.756,-60.3109,-22.5739,-0
2006.58,-101.731,-60.4232,-22.2792,-0
2006.68,-101.699,-60.5391,-21.9845,-0
2006.78,-101.662,-60.6584,-21.6901,-0
2006.88,-101.619,-60.7811,-21.396,-0
2006.98,-101.57,-60.9069,-21.1024,-0
2007.08,-101.516,-61.0356,-20.8095,-0
2007.18,-101.457,-61.1672,-20.5174,-0
2007.28,-101.393,-61.3013,-20.2263,-0
2007.38,-101.324,-61.4379,-19.9362,-0
2007.48,-101.25,-61.5768,-19.6474,-0
2007.58,-101.172,-61.7179,-19.3598,-0
2007.68,-101.09,-61.861,-19.0737,-0
2007.78,-101.003,-62.006,-18.7891,-0
2007.88,-100.913,-62.1527,-18.5061,-0
2007.98,-100.819,-62.301,-18.2248,-0
2008.08,-100.722,-62.4508,-17.9453,-0
2008.18,-100.621,-62.602,-17.6676,-0
2008.28,-100.516,-62.7544,-17.3919,-0
2008.38,-100.409,-62.908,-17.1182,-0
2008.48,-100.299,-63.0626,-16.8466,-0
2008.58,-100.186,-63.2181,-16.5772,-0
2008.68,-100.07,-63.3743,-16.3099,-0
2008.78,-99.9516,-63.5313,-16.0449,-0
2008.88,-99.8309,-63.689,-15.7822,-0
2008.98,-99.7079,-63.8471,-15.5219,-0
2009.08,-99.5827,-64.0056,-15.264,-0
2009.18,-99.4556,-64.1645,-15.0085,-0
2009.28,-99.3265,-64.3236,-14.7556,-0
2009.38,-99.1957,-64.4829,-14.5051,-0
2009.48,-99.0631,-64.6423,-14.2573,-0
2009.58,-98.929,-64.8017,-14.012,-0
2009.68,-98.7935,-64.961,-13.7693,-0
2009.78,-98.6566,-65.1202,-13.5293,-0
2009.88,-98.5185,-65.2792,-13.292,-0
2009.98,-98.3792,-65.4379,-13.0574,-0
2010.08,-98.2389,-65.5962,-12.8254,-0
2010.18,-98.0976,-65.7542,-12.5963,-0
2010.28,-97.9554,-65.9117,-12.3698,-0
2010.38,-97.8125,-66.0687,-12.1461,-0
2010.48,-97.6689,-66.2251,-11.9252,-0
2010.58,-97.5247,-66.3809,-11.7071,-0
2010.68,-97.38,-66.5361,-11.4917,-0
2010.78,-97.2348,-66.6905,-11.2792,-0
2010.88,-97.0893,-66.8441,-11.0694,-0
2010.98,-96.9435,-66.997,-10.8624,-0
2011.08,-96.7974,-67.149,-10.6582,-0
2011.18,-96.6512,-67.3001,-10.4568,-0
2011.28,-96.5049,-67.4502,-10.2583,-0
2011.38,-96.3586,-67.5995,-10.0625,-0
2011.48,-96.2123,-67.7477,-9.86943,-0
2011.58,-96.0661,-67.8948,-9.67918,-0
2011.68,-95.9201,-68.041,-9.4917,-0
2011.78,-95.7743,-68.186,-9.30698,-0
2011.88,-95.6288,-68.3299,-9.12501,-0
2011.98,-95.4836,-68.4726,-8.94577,-0
2012.08,-95.3388,-68.6142,-8.76925,-0
2012.18,-95.1944,-68.7546,-8.59544,-0
2012.28,-95.0505,-68.8937,-8.42432,-0
2012.38,-94.907,-69.0317,-8.25589,-0
2012.48,-94.7642,-69.1684,-8.09011,-0
2012.58,-94.6219,-69.3038,-7.92697,-0
2012.68,-94.4803,-69.4379,-7.76647,-0
2012.78,-94.3393,-69.5707,-7.60856,-0
2012.88,-94.1991,-69.7022,-7.45325,-0
2012.98,-94.0596,-69.8323,-7.3005,-0
2013.08,-93.9208,-69.9611,-7.15029,-0
2013.18,-93.7829,-70.0886,-7.00261,-0
2013.28,-93.6458,-70.2147,-6.85742,-0
2013.38,-93.5096,-70.3394,-6.71471,-0
2013.48,-93.3743,-70.4627,-6.57446,-0
2013.58,-93.2399,-70.5847,-6.43664,-0
2013.68,-93.1065,-70.7053,-6.30122,-0
2013.78,-92.974,-70.8244,-6.16818,-0
2013.88,-92.8425,-70.9422,-6.0375,-0
2013.98,-92.712,-71.0586,-5.90914,-0
2014.08,-92.5826,-71.1736,-5.78309,-0
2014.18,-92.4542,-71.2871,-5.65932,-0
2014.28,-92.3269,-71.3993,-5.53779,-0
2014.38,-92.2006,-71.51,-5.4185,-0
2014.48,-92.0755,-71.6194,-5.30139,-0
2014.58,-91.9514,-71.7274,-5.18646,-0
2014.68,-91.8285,-71.8339,-5.07368,-0
2014.78,-91.7067,-71.9391,-4.963,-0
2014.88,-91.5861,-72.0429,-4.85442,-0
2014.98,-91.4666,-72.1453,-4.74789,-0
2015.08,-91.3482,-72.2463,-4.6434,-0
2015.18,-91.2311,-72.3459,-4.54091,-0
2015.28,-91.1151,-72.4441,-4.4404,-0
2015.38,-91.0003,-72.541,-4.34184,-0
2015.48,-90.8867,-72.6366,-4.2452,-0
2015.58,-90.7743,-72.7308,-4.15046,-0
2015.68,-90.6631,-72.8236,-4.05758,-0
2015.78,-90.5531,-72.9151,-3.96654,-0
2015.88,-90.4443,-73.0053,-3.8773,-0
2015.98,-90.3367,-73.0942,-3.78986,-0
2016.08,-90.2303,-73.1817,-3.70416,-0
2016.18,-90.1251,-73.268,-3.6202,-0
2016.28,-90.0211,-73.353,-3.53794,-0
2016.38,-89.9184,-73.4366,-3.45735,-0
2016.48,-89.8168,-73.5191,-3.37841,-0
2016.58,-89.7165,-73.6002,-3.30108,-0
2016.68,-89.6173,-73.6802,-3.22536,-0
2016.78,-89.5194,-73.7589,-3.1512,-0
2016.88,-89.4226,-73.8363,-3.07858,-0
2016.98,-89.3271,-73.9126,-3.00748,-0
2017.08,-89.2327,-73.9876,-2.93786,-0
2017.18,-89.1395,-74.0615,-2.86971,-0
2017.28,-89.0475,-74.1342,-2.803,-0
2017.38,-88.9567,-74.2057,-2.7377,-0
2017.48,-88.867,-74.2761,-2.6738,-0
2017.58,-88.7785,-74.3453,-2.61125,-0
2017.68,-88.6912,-74.4134,-2.55005,-0
2017.78,-88.605,-74.4804,-2.49016,-0
2017.88,-88.52,-74.5463,-2.43156,-0
2017.98,-88.4361,-74.6111,-2.37423,-0
2018.08,-88.3533,-74.6748,-2.31815,-0
2018.18,-88.2716,-74.7375,-2.26328,-0
2018.28,-88.1911,-74.7991,-2.20962,-0
2018.38,-88.1116,-74.8596,-2.15713,-0
2018.48,-88.0333,-74.9192,-2.1058,-0
2018.58,-87.956,-74.9777,-2.0556,-0
2018.68,-87.8799,-75.0352,-2.00651,-0
2018.78,-87.8047,-75.0918,-1.95851,-0
2018.88,-87.7307,-75.1474,-1.91158,-0
2018.98,-87.6577,-75.202,-1.86569,-0
2019.08,-87.5857,-75.2556,-1.82083,-0
2019.18,-87.5148,-75.3084,-1.77698,-0
2019.28,-87.4449,-75.3602,-1.73412,-0
2019.38,-87.376,-75.4111,-1.69222,-0
2019.48,-87.3081,-75.4611,-1.65127,-0
2019.58,-87.2412,-75.5102,-1.61125,-0
2019.68,-87.1753,-75.5584,-1.57214,-0
2019.78,-87.1104,-75.6058,-1.53392,-0
2019.88,-87.0464,-75.6524,-1.49658,-0
2019.98,-86.9834,-75.6981,-1.46009,-0
2020.08,-86.9213,-75.743,-1.42444,-0
2020.18,-86.8601,-75.7871,-1.38961,-0
2020.28,-86.7999,-75.8304,-1.35558,-0
2020.38,-86.7406,-75.8729,-1.32234,-0
2020.48,-86.6822,-75.9146,-1.28987,-0
2020.58,-86.6246,-75.9555,-1.25816,-0
2020.68,-86.568,-75.9958,-1.22718,-0
2020.78,-86.5122,-76.0352,-1.19693,-0
2020.88,-86.4572,-76.074,-1.16738,-0
2020.98,-86.4031,-76.112,-1.13853,-0
2021.08,-86.3499,-76.1494,-1.11035,-0
2021.18,-86.2975,-76.186,-1.08284,-0
2021.28,-86.2459,-76.222,-1.05597,-0
2021.38,-86.1951,-76.2573,-1.02974,-0
2021.48,-86.145,-76.2919,-1.00413,-0
2021.58,-86.0958,-76.3259,-0.979128,-0
2021.68,-86.0474,-76.3593,-0.954719,-0
2021.78,-85.9997,-76.392,-0.930891,-0
2021.88,-85.9527,-76.4241,-0.907631,-0
2021.98,-85.9066,-76.4556,-0.884927,-0
2022.08,-85.8611,-76.4865,-0.862766,-0
2022.18,-85.8164,-76.5169,-0.841136,-0
2022.28,-85.7723,-76.5466,-0.820025,-0
2022.38,-85.729,-76.5758,-0.799422,-0
2022.48,-85.6864,-76.6045,-0.779316,-0
2022.58,-85.6444,-76.6325,-0.759694,-0
2022.68,-85.6032,-76.6601,-0.740547,-0
2022.78,-85.5626,-76.6871,-0.721864,-0
2022.88,-85.5226,-76.7136,-0.703633,-0
2022.98,-85.4833,-76.7396,-0.685845,-0
2023.08,-85.4446,-76.7651,-0.66849,-0
2023.18,-85.4066,-76.7901,-0.651557,-0
2023.28,-85.3692,-76.8147,-0.635038,-0
2023.38,-85.3323,-76.8387,-0.618921,-0
2023.48,-85.2961,-76.8623,-0.6032,-0
2023.58,-85.2605,-76.8855,-0.587863,-0
2023.68,-85.2254,-76.9082,-0.572903,-0
2023.78,-85.191,-76.9304,-0.55831,-0
2023.88,-85.157,-76.9522,-0.544076,-0
2023.98,-85.1237,-76.9736,-0.530193,-0
2024.08,-85.0909,-76.9946,-0.516652,-0
2024.18,-85.0586,-77.0152,-0.503446,-0
2024.28,-85.0268,-77.0353,-0.490566,-0
2024.38,-84.9956,-77.0551,-0.478005,-0
2024.48,-84.9649,-77.0745,-0.465756,-0
2024.58,-84.9347,-77.0935,-0.45381,-0
2024.68,-84.905,-77.1122,-0.442162,-0
2024.78,-84.8758,-77.1304,-0.430803,-0
2024.88,-84.847,-77.1483,-0.419728,-0
2024.98,-84.8188,-77.1659,-0.408929,-0
2025.08,-84.791,-77.1831,-0.398399,-0
2025.18,-84.7636,-77.2,-0.388133,-0
2025.28,-84.7367,-77.2166,-0.378123,-0
2025.38,-84.7103,-77.2328,-0.368364,-0
2025.48,-84.6843,-77.2487,-0.358851,-0
2025.58,-84.6587,-77.2643,-0.349576,-0
2025.68,-84.6335,-77.2796,-0.340534,-0
2025.78,-84.6088,-77.2946,-0.33172,-0
2025.88,-84.5844,-77.3093,-0.323127,-0
2025.98,-84.5605,-77.3237,-0.314752,-0
2026.08,-84.537,-77.3378,-0.306588,-0
2026.18,-84.5138,-77.3517,-0.29863,-0
2026.28,-84.4911,-77.3653,-0.290873,-0
2026.38,-84.4687,-77.3786,-0.283313,-0
2026.48,-84.4466,-77.3916,-0.275945,-0
2026.58,-84.425,-77.4044,-0.268763,-0
2026.68,-84.4037,-77.4169,-0.261764,-0
2026.78,-84.3827,-77.4292,-0.254942,-0
2026.88,-84.3621,-77.4413,-0.248294,-0
2026.98,-84.3419,-77.4531,-0.241816,-0
2027.08,-84.3219,-77.4647,-0.235502,-0
2027.18,-84.3023,-77.476,-0.22935,-0
2027.28,-84.2831,-77.4871,-0.223354,-0
2027.38,-84.2641,-77.498,-0.217512,-0
2027.48,-84.2455,-77.5087,-0.211819,-0
2027.58,-84.2271,-77.5192,-0.206272,-0
2027.68,-84.2091,-77.5295,-0.200867,-0
2027.78,-84.1913,-77.5396,-0.1956,-0
2027.88,-84.1739,-77.5495,-0.190469,-0
2027.98,-84.1567,-77.5591,-0.185469,-0
2028.08,-84.1398,-77.5686,-0.180598,-0
2028.18,-84.1232,-77.5779,-0.175852,-0
2028.28,-84.1069,-77.5871,-0.171229,-0
2028.38,-84.0908,-77.596,-0.166724,-0
2028.48,-84.075,-77.6048,-0.162335,-0
2028.58,-84.0594,-77.6134,-0.15806,-0
2028.68,-84.0441,-77.6218,-0.153895,-0
2028.78,-84.0291,-77.6301,-0.149838,-0
2028.88,-84.0143,-77.6382,-0.145886,-0
2028.98,-83.9997,-77.6461,-0.142036,-0
2029.08,-83.9854,-77.6539,-0.138285,-0
2029.18,-83.9713,-77.6616,-0.134632,-0
2029.28,-83.9574,-77.6691,-0.131073,-0
2029.38,-83.9438,-77.6764,-0.127607,-0
2029.48,-83.9303,-77.6836,-0.124231,-0
2029.58,-83.9171,-77.6907,-0.120942,-0
2029.68,-83.9041,-77.6976,-0.117739,-0
2029.78,-83.8914,-77.7044,-0.11462,-0
2029.88,-83.8788,-77.7111,-0.111581,-0
2029.98,-83.8664,-77.7176,-0.108622,-0
2030.08,-83.8542,-77.724,-0.10574,-0
2030.18,-83.8422,-77.7303,-0.102933,-0
2030.28,-83.8304,-77.7365,-0.100199,-0
2030.38,-83.8188,-77.7425,-0.0975367,-0
2030.48,-83.8074,-77.7484,-0.0949439,-0
2030.58,-83.7962,-77.7542,-0.0924189,-0
2030.68,-83.7851,-77.76,-0.08996,-0
2030.78,-83.7742,-77.7655,-0.0875654,-0
2030.88,-83.7635,-77.771,-0.0852336,-0
2030.98,-83.7529,-77.7764,-0.0829629,-0
2031.08,-83.7426,-77.7817,-0.0807517,-0
2031.18,-83.7323,-77.7869,-0.0785985,-0
2031.28,-83.7223,-77.792,-0.0765019,-0
2031.38,-83.7124,-77.7969,-0.0744604,-0
2031.48,-83.7026,-77.8018,-0.0724725,-0
2031.58,-83.693,-77.8066,-0.0705368,-0
2031.68,-83.6836,-77.8114,-0.0686521,-0
2031.78,-83.6743,-77.816,-0.0668171,-0
2031.88,-83.6651,-77.8205,-0.0650303,-0
2031.98,-83.6561,-77.825,-0.0632907,-0
2032.08,-83.6473,-77.8293,-0.0615969,-0
2032.18,-83.6385,-77.8336,-0.0599478,-0
2032.28,-83.6299,-77.8378,-0.0583422,-0
2032.38,-83.6215,-77.8419,-0.0567791,-0
2032.48,-83.6131,-77.846,-0.0552572,-0
2032.58,-83.6049,-77.85,-0.0537755,-0
2032.68,-83.5968,-77.8539,-0.0523331,-0
2032.78,-83.5889,-77.8577,-0.0509288,-0
2032.88,-83.581,-77.8614,-0.0495617,-0
2032.98,-83.5733,-77.8651,-0.0482308,-0
2033.08,-83.5657,-77.8688,-0.0469351,-0
2033.18,-83.5582,-77.8723,-0.0456739,-0
2033.28,-83.5508,-77.8758,-0.044446,-0
2033.38,-83.5436,-77.8792,-0.0432508,-0
2033.48,-83.5364,-77.8826,-0.0420872,-0
2033.58,-83.5294,-77.8859,-0.0409546,-0
2033.68,-83.5224,-77.8891,-0.0398521,-0
2033.78,-83.5156,-77.8923,-0.0387789,-0
2033.88,-83.5088,-77.8954,-0.0377342,-0
2033.98,-83.5022,-77.8985,-0.0367174,-0
2034.08,-83.4957,-77.9015,-0.0357275,-0
2034.18,-83.4892,-77.9045,-0.0347641,-0
2034.28,-83.4829,-77.9074,-0.0338263,-0
2034.38,-83.4766,-77.9103,-0.0329135,-0
2034.48,-83.4704,-77.9131,-0.0320251,-0
2034.58,-83.4644,-77.9158,-0.0311604,-0
2034.68,-83.4584,-77.9185,-0.0303187,-0
2034.78,-83.4525,-77.9212,-0.0294995,-0
2034.88,-83.4467,-77.9238,-0.0287022,-0
2034.98,-83.4409,-77.9264,-0.0279262,-0
2035.08,-83.4353,-77.9289,-0.0271709,-0
2035.18,-83.4297,-77.9314,-0.0264358,-0
2035.28,-83.4243,-77.9338,-0.0257204,-0
2035.38,-83.4188,-77.9362,-0.0250242,-0
2035.48,-83.4135,-77.9385,-0.0243465,-0
2035.58,-83.4083,-77.9409,-0.0236871,-0
2035.68,-83.4031,-77.9431,-0.0230453,-0
2035.78,-83.398,-77.9454,-0.0224207,-0
2035.88,-83.393,-77.9476,-0.0218128,-0
2035.98,-83.388,-77.9497,-0.0212213,-0
2036.08,-83.3831,-77.9518,-0.0206456,-0
2036.18,-83.3783,-77.9539,-0.0200854,-0
2036.28,-83.3735,-77.956,-0.0195402,-0
2036.38,-83.3688,-77.958,-0.0190097,-0
2036.48,-83.3642,-77.96,-0.0184934,-0
2036.58,-83.3597,-77.9619,-0.017991,-0
2036.68,-83.3552,-77.9638,-0.0175021,-0
2036.78,-83.3507,-77.9657,-0.0170264,-0
2036.88,-83.3464,-77.9676,-0.0165634,-0
2036.98,-83.3421,-77.9694,-0.016113,-0
2037.08,-83.3378,-77.9712,-0.0156746,-0
2037.18,-83.3336,-77.9729,-0.0152481,-0
2037.28,-83.3295,-77.9747,-0.014833,-0
2037.38,-83.3254,-77.9764,-0.0144292,-0
2037.48,-83.3214,-77.978,-0.0140362,-0
2037.58,-83.3174,-77.9797,-0.0136539,-0
2037.68,-83.3135,-77.9813,-0.0132818,-0
2037.78,-83.3096,-77.9829,-0.0129198,-0
2037.88,-83.3058,-77.9845,-0.0125676,-0
2037.98,-83.3021,-77.986,-0.0122249,-0
2038.08,-83.2984,-77.9875,-0.0118914,-0
2038.18,-83.2947,-77.989,-0.011567,-0
2038.28,-83.2911,-77.9905,-0.0112513,-0
2038.38,-83.2875,-77.992,-0.0109442,-0
2038.48,-83.284,-77.9934,-0.0106453,-0
2038.58,-83.2806,-77.9948,-0.0103546,-0
2038.68,-83.2771,-77.9962,-0.0100717,-0
2038.78,-83.2738,-77.9975,-0.00979653,-0
2038.88,-83.2704,-77.9989,-0.00952878,-0
2038.98,-83.2672,-78.0002,-0.00926827,-0
2039.08,-83.2639,-78.0015,-0.00901483,-0
2039.18,-83.2607,-78.0028,-0.00876826,-0
2039.28,-83.2575,-78.004,-0.00852838,-0
2039.38,-83.2544,-78.0053,-0.008295,-0
2039.48,-83.2513,-78.0065,-0.00806796,-0
2039.58,-83.2483,-78.0077,-0.00784707,-0
2039.68,-83.2453,-78.0089,-0.00763219,-0
2039.78,-83.2423,-78.01,-0.00742314,-0
2039.88,-83.2394,-78.0112,-0.00721977,-0
2039.98,-83.2365,-78.0123,-0.00702192,-0
2040.08,-83.2337,-78.0134,-0.00682945,-0
2040.18,-83.2309,-78.0145,-0.00664222,-0
2040.28,-83.2281,-78.0156,-0.00646008,-0
2040.38,-83.2253,-78.0167,-0.00628289,-0
2040.48,-83.2226,-78.0177,-0.00611052,-0
2040.58,-83.22,-78.0187,-0.00594284,-0
2040.68,-83.2173,-78.0198,-0.00577973,-0
2040.78,-83.2147,-78.0208,-0.00562106,-0
2040.88,-83.2121,-78.0217,-0.00546672,-0
2040.98,-83.2096,-78.0227,-0.00531658,-0
2041.08,-83.2071,-78.0237,-0.00517053,-0
2041.18,-83.2046,-78.0246,-0.00502846,-0
2041.28,-83.2022,-78.0256,-0.00489026,-0
2041.38,-83.1998,-78.0265,-0.00475584,-0
2041.48,-83.1974,-78.0274,-0.00462508,-0
2041.58,-83.195,-78.0283,-0.00449789,-0
2041.68,-83.1927,-78.0292,-0.00437417,-0
2041.78,-83.1904,-78.03,-0.00425383,-0
2041.88,-83.1881,-78.0309,-0.00413678,-0
2041.98,-83.1859,-78.0317,-0.00402292,-0
2042.08,-83.1836,-78.0326,-0.00391217,-0
2042.18,-83.1814,-78.0334,-0.00380446,-0
2042.28,-83.1793,-78.0342,-0.00369968,-0
2042.38,-83.1771,-78.035,-0.00359777,-0
2042.48,-83.175,-78.0358,-0.00349865,-0
2042.58,-83.1729,-78.0365,-0.00340224,-0
2042.68,-83.1709,-78.0373,-0.00330847,-0
2042.78,-83.1688,-78.0381,-0.00321726,-0
2042.88,-83.1668,-78.0388,-0.00312855,-0
2042.98,-83.1648,-78.0395,-0.00304227,-0
2043.08,-83.1629,-78.0403,-0.00295835,-0
2043.18,-83.1609,-78.041,-0.00287674,-0
2043.28,-83.159,-78.0417,-0.00279735,-0
2043.38,-83.1571,-78.0424,-0.00272015,-0
2043.48,-83.1553,-78.0431,-0.00264506,-0
2043.58,-83.1534,-78.0437,-0.00257203,-0
2043.68,-83.1516,-78.0444,-0.002501,-0
2043.78,-83.1498,-78.0451,-0.00243192,-0
2043.88,-83.148,-78.0457,-0.00236474,-0
2043.98,-83.1462,-78.0464,-0.00229939,-0
2044.08,-83.1445,-78.047,-0.00223585,-0
2044.18,-83.1427,-78.0476,-0.00217405,-0
2044.28,-83.141,-78.0482,-0.00211394,-0
2044.38,-83.1394,-78.0488,-0.00205549,-0
2044.48,-83.1377,-78.0494,-0.00199864,-0
2044.58,-83.136,-78.05,-0.00194336,-0
2044.68,-83.1344,-78.0506,-0.00188959,-0
2044.78,-83.1328,-78.0512,-0.0018373,-0
2044.88,-83.1312,-78.0518,-0.00178645,-0
2044.98,-83.1297,-78.0523,-0.001737,-0
2045.08,-83.1281,-78.0529,-0.00168891,-0
2045.18,-83.1266,-78.0534,-0.00164214,-0
2045.28,-83.125,-78.054,-0.00159666,-0
2045.38,-83.1235,-78.0545,-0.00155243,-0
2045.48,-83.1221,-78.055,-0.00150942,-0
2045.58,-83.1206,-78.0556,-0.0014676,-0
2045.68,-83.1191,-78.0561,-0.00142692,-0
2045.78,-83.1177,-78.0566,-0.00138737,-0
2045.88,-83.1163,-78.0571,-0.0013489,-0
2045.98,-83.1149,-78.0576,-0.0013115,-0
2046.08,-83.1135,-78.0581,-0.00127513,-0
2046.18,-83.1121,-78.0586,-0.00123976,-0
2046.28,-83.1108,-78.059,-0.00120536,-0
2046.38,-83.1094,-78.0595,-0.00117191,-0
2046.48,-83.1081,-78.06,-0.00113939,-0
2046.58,-83.1068,-78.0604,-0.00110777,-0
2046.68,-83.1055,-78.0609,-0.00107701,-0
2046.78,-83.1042,-78.0613,-0.00104711,-0
2046.88,-83.103,-78.0618,-0.00101803,-0
2046.98,-83.1017,-78.0622,-0.000989753,-0
2047.08,-83.1005,-78.0627,-0.000962258,-0
2047.18,-83.0993,-78.0631,-0.000935523,-0
2047.28,-83.098,-78.0635,-0.000909526,-0
2047.38,-83.0968,-78.0639,-0.000884248,-0
2047.48,-83.0957,-78.0643,-0.000859668,-0
2047.58,-83.0945,-78.0648,-0.000835768,-0
2047.68,-83.0933,-78.0652,-0.000812529,-0
2047.78,-83.0922,-78.0656,-0.000789932,-0
2047.88,-83.0911,-78.066,-0.00076796,-0
2047.98,-83.0899,-78.0663,-0.000746597,-0
2048.08,-83.0888,-78.0667,-0.000725824,-0
2048.18,-83.0877,-78.0671,-0.000705626,-0
2048.28,-83.0866,-78.0675,-0.000685987,-0
2048.38,-83.0856,-78.0679,-0.000666892,-0
2048.48,-83.0845,-78.0682,-0.000648326,-0
2048.58,-83.0835,-78.0686,-0.000630274,-0
2048.68,-83.0824,-78.0689,-0.000612722,-0
2048.78,-83.0814,-78.0693,-0.000595656,-0
2048.88,-83.0804,-78.0696,-0.000579063,-0
2048.98,-83.0794,-78.07,-0.00056293,-0
2049.08,-83.0784,-78.0703,-0.000547244,-0
2049.18,-83.0774,-78.0707,-0.000531992,-0
2049.28,-83.0764,-78.071,-0.000517164,-0
2049.38,-83.0755,-78.0713,-0.000502747,-0
2049.48,-83.0745,-78.0717,-0.00048873,-0
2049.58,-83.0736,-78.072,-0.000475102,-0
2049.68,-83.0726,-78.0723,-0.000461851,-0
2049.78,-83.0717,-78.0726,-0.000448969,-0
2049.88,-83.0708,-78.0729,-0.000436444,-0
2049.98,-83.0699,-78.0732,-0.000424267,-0
2050.08,-83.069,-78.0736,-0.000412427,-0
2050.18,-83.0681,-78.0739,-0.000400917,-0
2050.28,-83.0673,-78.0742,-0.000389726,-0
2050.38,-83.0664,-78.0744,-0.000378846,-0
2050.48,-83.0655,-78.0747,-0.000368269,-0
2050.58,-83.0647,-78.075,-0.000357985,-0
2050.68,-83.0639,-78.0753,-0.000347987,-0
2050.78,-83.063,-78.0756,-0.000338267,-0
2050.88,-83.0622,-78.0759,-0.000328817,-0
2050.98,-83.0614,-78.0762,-0.00031963,-0
2051.08,-83.0606,-78.0764,-0.000310699,-0
2051.18,-83.0598,-78.0767,-0.000302015,-0
2051.28,-83.059,-78.077,-0.000293574,-0
2051.38,-83.0582,-78.0772,-0.000285367,-0
2051.48,-83.0575,-78.0775,-0.000277389,-0
2051.58,-83.0567,-78.0777,-0.000269632,-0
2051.68,-83.056,-78.078,-0.000262092,-0
2051.78,-83.0552,-78.0783,-0.000254761,-0
2051.88,-83.0545,-78.0785,-0.000247635,-0
2051.98,-83.0537,-78.0788,-0.000240707,-0
2052.08,-83.053,-78.079,-0.000233971,-0
2052.18,-83.0523,-78.0792,-0.000227424,-0
2052.28,-83.0516,-78.0795,-0.000221059,-0
2052.38,-83.0509,-78.0797,-0.000214871,-0
2052.48,-83.0502,-78.0799,-0.000208856,-0
2052.58,-83.0495,-78.0802,-0.000203008,-0
2052.68,-83.0489,-78.0804,-0.000197324,-0
2052.78,-83.0482,-78.0806,-0.000191797,-0
2052.88,-83.0475,-78.0809,-0.000186425,-0
2052.98,-83.0469,-78.0811,-0.000181203,-0
2053.08,-83.0462,-78.0813,-0.000176127,-0
2053.18,-83.0456,-78.0815,-0.000171192,-0
2053.28,-83.0449,-78.0817,-0.000166394,-0
2053.38,-83.0443,-78.0819,-0.000161731,-0
2053.48,-83.0437,-78.0822,-0.000157198,-0
2053.58,-83.0431,-78.0824,-0.000152791,-0
2053.68,-83.0425,-78.0826,-0.000148507,-0
2053.78,-83.0418,-78.0828,-0.000144343,-0
2053.88,-83.0412,-78.083,-0.000140295,-0
2053.98,-83.0407,-78.0832,-0.00013636,-0
2054.08,-83.0401,-78.0834,-0.000132535,-0
2054.18,-83.0395,-78.0836,-0.000128817,-0
2054.28,-83.0389,-78.0838,-0.000125203,-0
2054.38,-83.0384,-78.0839,-0.00012169,-0
2054.48,-83.0378,-78.0841,-0.000118275,-0
2054.58,-83.0372,-78.0843,-0.000114955,-0
2054.68,-83.0367,-78.0845,-0.000111728,-0
2054.78,-83.0361,-78.0847,-0.000108592,-0
2054.88,-83.0356,-78.0849,-0.000105543,-0
2054.98,-83.0351,-78.0851,-0.000102579,-0
2055.08,-83.0345,-78.0852,-9.96985e-05,-0
2055.18,-83.034,-78.0854,-9.68983e-05,-0
2055.28,-83.0335,-78.0856,-9.41765e-05,-0
2055.38,-83.033,-78.0858,-9.15308e-05,-0
2055.48,-83.0325,-78.0859,-8.89591e-05,-0
2055.58,-83.032,-78.0861,-8.64595e-05,-0
2055.68,-83.0315,-78.0863,-8.40298e-05,-0
2055.78,-83.031,-78.0864,-8.16681e-05,-0
2055.88,-83.0305,-78.0866,-7.93725e-05,-0
2055.98,-83.03,-78.0867,-7.71412e-05,-0
2056.08,-83.0295,-78.0869,-7.49724e-05,-0
2056.18,-83.0291,-78.0871,-7.28643e-05,-0
2056.28,-83.0286,-78.0872,-7.08153e-05,-0
2056.38,-83.0281,-78.0874,-6.88236e-05,-0
2056.48,-83.0277,-78.0875,-6.68878e-05,-0
2056.58,-83.0272,-78.0877,-6.50063e-05,-0
2056.68,-83.0268,-78.0878,-6.31774e-05,-0
2056.78,-83.0263,-78.088,-6.13998e-05,-0
2056.88,-83.0259,-78.0881,-5.96721e-05,-0
2056.98,-83.0255,-78.0883,-5.79927e-05,-0
2057.08,-83.025,-78.0884,-5.63605e-05,-0
2057.18,-83.0246,-78.0886,-5.47741e-05,-0
2057.28,-83.0242,-78.0887,-5.32321e-05,-0
2057.38,-83.0238,-78.0888,-5.17334e-05,-0
2057.48,-83.0233,-78.089,-5.02767e-05,-0
2057.58,-83.0229,-78.0891,-4.88609e-05,-0
2057.68,-83.0225,-78.0893,-4.74848e-05,-0
2057.78,-83.0221,-78.0894,-4.61473e-05,-0
2057.88,-83.0217,-78.0895,-4.48474e-05,-0
2057.98,-83.0213,-78.0896,-4.35839e-05,-0
2058.08,-83.021,-78.0898,-4.2356e-05,-0
2058.18,-83.0206,-78.0899,-4.11625e-05,-0
2058.28,-83.0202,-78.09,-4.00025e-05,-0
2058.38,-83.0198,-78.0902,-3.88751e-05,-0
2058.48,-83.0194,-78.0903,-3.77793e-05,-0
2058.58,-83.0191,-78.0904,-3.67143e-05,-0
2058.68,-83.0187,-78.0905,-3.56793e-05,-0
2058.78,-83.0183,-78.0907,-3.46733e-05,-0
2058.88,-83.018,-78.0908,-3.36956e-05,-0
2058.98,-83.0176,-78.0909,-3.27453e-05,-0
2059.08,-83.0173,-78.091,-3.18218e-05,-0
2059.18,-83.0169,-78.0911,-3.09242e-05,-0
2059.28,-83.0166,-78.0912,-3.00519e-05,-0
2059.38,-83.0162,-78.0914,-2.92041e-05,-0
2059.48,-83.0159,-78.0915,-2.83801e-05,-0
2059.58,-83.0156,-78.0916,-2.75793e-05,-0
2059.68,-83.0152,-78.0917,-2.6801e-05,-0
2059.78,-83.0149,-78.0918,-2.60446e-05,-0
2059.88,-83.0146,-78.0919,-2.53094e-05,-0
2059.98,-83.0143,-78.092,-2.4595e-05,-0
2060.08,-83.0139,-78.0921,-2.39007e-05,-0
2060.18,-83.0136,-78.0922,-2.32258e-05,-0
2060.28,-83.0133,-78.0923,-2.257e-05,-0
2060.38,-83.013,-78.0924,-2.19327e-05,-0
2060.48,-83.0127,-78.0925,-2.13133e-05,-0
2060.58,-83.0124,-78.0926,-2.07113e-05,-0
2060.68,-83.0121,-78.0927,-2.01262e-05,-0
2060.78,-83.0118,-78.0928,-1.95577e-05,-0
2060.88,-83.0115,-78.0929,-1.90051e-05,-0
2060.98,-83.0112,-78.093,-1.84681e-05,-0
2061.08,-83.0109,-78.0931,-1.79463e-05,-0
2061.18,-83.0106,-78.0932,-1.74391e-05,-0
2061.28,-83.0104,-78.0933,-1.69462e-05,-0
2061.38,-83.0101,-78.0934,-1.64672e-05,-0
2061.48,-83.0098,-78.0935,-1.60017e-05,-0
2061.58,-83.0095,-78.0936,-1.55493e-05,-0
2061.68,-83.0093,-78.0937,-1.51097e-05,-0
2061.78,-83.009,-78.0938,-1.46825e-05,-0
2061.88,-83.0087,-78.0939,-1.42673e-05,-0
2061.98,-83.0085,-78.0939,-1.38638e-05,-0
2062.08,-83.0082,-78.094,-1.34717e-05,-0
2062.18,-83.008,-78.0941,-1.30906e-05,-0
2062.28,-83.0077,-78.0942,-1.27203e-05,-0
2062.38,-83.0074,-78.0943,-1.23604e-05,-0
2062.48,-83.0072,-78.0944,-1.20107e-05,-0
2062.58,-83.0069,-78.0944,-1.16708e-05,-0
2062.68,-83.0067,-78.0945,-1.13406e-05,-0
2062.78,-83.0065,-78.0946,-1.10196e-05,-0
2062.88,-83.0062,-78.0947,-1.07077e-05,-0
2062.98,-83.006,-78.0948,-1.04046e-05,-0
2063.08,-83.0057,-78.0948,-1.01101e-05,-0
2063.18,-83.0055,-78.0949,-9.82387e-06,-0
2063.28,-83.0053,-78.095,-9.54572e-06,-0
2063.38,-83.0051,-78.0951,-9.27542e-06,-0
2063.48,-83.0048,-78.0952,-9.01276e-06,-0
2063.58,-83.0046,-78.0952,-8.75751e-06,-0
2063.68,-83.0044,-78.0953,-8.50947e-06,-0
2063.78,-83.0042,-78.0954,-8.26844e-06,-0
2063.88,-83.0039,-78.0954,-8.03421e-06,-0
2063.98,-83.0037,-78.0955,-7.8066e-06,-0
2064.08,-83.0035,-78.0956,-7.58542e-06,-0
2064.18,-83.0033,-78.0957,-7.37049e-06,-0
2064.28,-83.0031,-78.0957,-7.16163e-06,-0
2064.38,-83.0029,-78.0958,-6.95867e-06,-0
2064.48,-83.0027,-78.0959,-6.76144e-06,-0
2064.58,-83.0025,-78.0959,-6.56979e-06,-0
2064.68,-83.0023,-78.096,-6.38356e-06,-0
2064.78,-83.0021,-78.0961,-6.20259e-06,-0
2064.88,-83.0019,-78.0961,-6.02674e-06,-0
2064.98,-83.0017,-78.0962,-5.85586e-06,-0
2065.08,-83.0015,-78.0963,-5.68981e-06,-0
2065.18,-83.0013,-78.0963,-5.52846e-06,-0
2065.28,-83.0011,-78.0964,-5.37167e-06,-0
2065.38,-83.0009,-78.0965,-5.21931e-06,-0
2065.48,-83.0007,-78.0965,-5.07126e-06,-0
2065.58,-83.0006,-78.0966,-4.9274e-06,-0
2065.68,-83.0004,-78.0966,-4.78762e-06,-0
2065.78,-83.0002,-78.0967,-4.65178e-06,-0
2065.88,-83,-78.0968,-4.51979e-06,-0
2065.98,-82.9998,-78.0968,-4.39153e-06,-0
2066.08,-82.9997,-78.0969,-4.26691e-06,-0
2066.18,-82.9995,-78.0969,-4.14581e-06,-0
2066.28,-82.9993,-78.097,-4.02814e-06,-0
2066.38,-82.9991,-78.097,-3.9138e-06,-0
2066.48,-82.999,-78.0971,-3.80269e-06,-0
2066.58,-82.9988,-78.0972,-3.69474e-06,-0
2066.68,-82.9987,-78.0972,-3.58983e-06,-0
2066.78,-82.9985,-78.0973,-3.4879e-06,-0
2066.88,-82.9983,-78.0973,-3.38886e-06,-0
2066.98,-82.9982,-78.0974,-3.29262e-06,-0
2067.08,-82.998,-78.0974,-3.19911e-06,-0
2067.18,-82.9979,-78.0975,-3.10824e-06,-0
2067.28,-82.9977,-78.0975,-3.01995e-06,-0
2067.38,-82.9975,-78.0976,-2.93417e-06,-0
2067.48,-82.9974,-78.0976,-2.85081e-06,-0
2067.58,-82.9972,-78.0977,-2.76981e-06,-0
2067.68,-82.9971,-78.0977,-2.69111e-06,-0
2067.78,-82.9969,-78.0978,-2.61464e-06,-0
2067.88,-82.9968,-78.0978,-2.54034e-06,-0
2067.98,-82.9967,-78.0979,-2.46814e-06,-0
2068.08,-82.9965,-78.0979,-2.39799e-06,-0
2068.18,-82.9964,-78.098,-2.32983e-06,-0
2068.28,-82.9962,-78.098,-2.2636e-06,-0
2068.38,-82.9961,-78.0981,-2.19925e-06,-0
2068.48,-82.9959,-78.0981,-2.13673e-06,-0
2068.58,-82.9958,-78.0982,-2.07597e-06,-0
2068.68,-82.9957,-78.0982,-2.01694e-06,-0
2068.78,-82.9955,-78.0982,-1.95959e-06,-0
2068.88,-82.9954,-78.0983,-1.90386e-06,-0
2068.98,-82.9953,-78.0983,-1.84971e-06,-0
2069.08,-82.9951,-78.0984,-1.7971e-06,-0
2069.18,-82.995,-78.0984,-1.74598e-06,-0
2069.28,-82.9949,-78.0985,-1.69632e-06,-0
2069.38,-82.9948,-78.0985,-1.64806e-06,-0
2069.48,-82.9946,-78.0985,-1.60117e-06,-0
2069.58,-82.9945,-78.0986,-1.55561e-06,-0
2069.68,-82.9944,-78.0986,-1.51134e-06,-0
2069.78,-82.9943,-78.0987,-1.46834e-06,-0
2069.88,-82.9942,-78.0987,-1.42655e-06,-0
2069.98,-82.994,-78.0987,-1.38595e-06,-0
2070.08,-82.9939,-78.0988,-1.3465e-06,-0
2070.18,-82.9938,-78.0988,-1.30817e-06,-0
2070.28,-82.9937,-78.0989,-1.27093e-06,-0
2070.38,-82.9936,-78.0989,-1.23475e-06,-0
2070.48,-82.9935,-78.0989,-1.1996e-06,-0
2070.58,-82.9933,-78.099,-1.16544e-06,-0
2070.68,-82.9932,-78.099,-1.13225e-06,-0
2070.78,-82.9931,-78.099,-1.10001e-06,-0
2070.88,-82.993,-78.0991,-1.06868e-06,-0
2070.98,-82.9929,-78.0991,-1.03825e-06,-0
2071.08,-82.9928,-78.0992,-1.00867e-06,-0
2071.18,-82.9927,-78.0992,-9.79943e-07,-0
2071.28,-82.9926,-78.0992,-9.52028e-07,-0
2071.38,-82.9925,-78.0993,-9.24906e-07,-0
2071.48,-82.9924,-78.0993,-8.98556e-07,-0
2071.58,-82.9923,-78.0993,-8.72954e-07,-0
2071.68,-82.9922,-78.0994,-8.4808e-07,-0
2071.78,-82.9921,-78.0994,-8.23913e-07,-0
2071.88,-82.992,-78.0994,-8.00433e-07,-0
2071.98,-82.9919,-78.0995,-7.77621e-07,-0
2072.08,-82.9918,-78.0995,-7.55457e-07,-0
2072.18,-82.9917,-78.0995,-7.33924e-07,-0
2072.28,-82.9916,-78.0996,-7.13004e-07,-0
2072.38,-82.9915,-78.0996,-6.92678e-07,-0
2072.48,-82.9914,-78.0996,-6.7293e-07,-0
2072.58,-82.9913,-78.0996,-6.53744e-07,-0
2072.68,-82.9912,-78.0997,-6.35104e-07,-0
2072.78,-82.9911,-78.0997,-6.16994e-07,-0
2072.88,-82.9911,-78.0997,-5.994e-07,-0
2072.98,-82.991,-78.0998,-5.82306e-07,-0
2073.08,-82.9909,-78.0998,-5.65699e-07,-0
2073.18,-82.9908,-78.0998,-5.49564e-07,-0
2073.28,-82.9907,-78.0999,-5.33888e-07,-0
2073.38,-82.9906,-78.0999,-5.18659e-07,-0
2073.48,-82.9905,-78.0999,-5.03863e-07,-0
2073.58,-82.9905,-78.0999,-4.89488e-07,-0
2073.68,-82.9904,-78.1,-4.75522e-07,-0
2073.78,-82.9903,-78.1,-4.61954e-07,-0
2073.88,-82.9902,-78.1,-4.48773e-07,-0
2073.98,-82.9901,-78.1,-4.35966e-07,-0
2074.08,-82.99,-78.1001,-4.23525e-07,-0
2074.18,-82.99,-78.1001,-4.11437e-07,-0
2074.28,-82.9899,-78.1001,-3.99694e-07,-0
2074.38,-82.9898,-78.1002,-3.88286e-07,-0
2074.48,-82.9897,-78.1002,-3.77202e-07,-0
2074.58,-82.9897,-78.1002,-3.66434e-07,-0
2074.68,-82.9896,-78.1002,-3.55973e-07,-0
2074.78,-82.9895,-78.1003,-3.4581e-07,-0
2074.88,-82.9894,-78.1003,-3.35936e-07,-0
2074.98,-82.9894,-78.1003,-3.26344e-07,-0
2075.08,-82.9893,-78.1003,-3.17025e-07,-0
2075.18,-82.9892,-78.1003,-3.07971e-07,-0
2075.28,-82.9892,-78.1004,-2.99176e-07,-0
2075.38,-82.9891,-78.1004,-2.90631e-07,-0
2075.48,-82.989,-78.1004,-2.8233e-07,-0
2075.58,-82.9889,-78.1004,-2.74265e-07,-0
2075.68,-82.9889,-78.1005,-2.66431e-07,-0
2075.78,-82.9888,-78.1005,-2.5882e-07,-0
2075.88,-82.9887,-78.1005,-2.51425e-07,-0
2075.98,-82.9887,-78.1005,-2.44242e-07,-0
2076.08,-82.9886,-78.1006,-2.37263e-07,-0
2076.18,-82.9885,-78.1006,-2.30483e-07,-0
2076.28,-82.9885,-78.1006,-2.23897e-07,-0
2076.38,-82.9884,-78.1006,-2.17499e-07,-0
2076.48,-82.9884,-78.1006,-2.11283e-07,-0
2076.58,-82.9883,-78.1007,-2.05244e-07,-0
2076.68,-82.9882,-78.1007,-1.99378e-07,-0
2076.78,-82.9882,-78.1007,-1.93678e-07,-0
2076.88,-82.9881,-78.1007,-1.88142e-07,-0
2076.98,-82.9881,-78.1007,-1.82763e-07,-0
2077.08,-82.988,-78.1008,-1.77538e-07,-0
2077.18,-82.9879,-78.1008,-1.72462e-07,-0
2077.28,-82.9879,-78.1008,-1.67531e-07,-0
2077.38,-82.9878,-78.1008,-1.62741e-07,-0
2077.48,-82.9878,-78.1008,-1.58087e-07,-0
2077.58,-82.9877,-78.1009,-1.53566e-07,-0
2077.68,-82.9877,-78.1009,-1.49174e-07,-0
2077.78,-82.9876,-78.1009,-1.44908e-07,-0
2077.88,-82.9875,-78.1009,-1.40763e-07,-0
2077.98,-82.9875,-78.1009,-1.36737e-07,-0
2078.08,-82.9874,-78.1009,-1.32825e-07,-0
2078.18,-82.9874,-78.101,-1.29026e-07,-0
2078.28,-82.9873,-78.101,-1.25334e-07,-0
2078.38,-82.9873,-78.101,-1.21748e-07,-0
2078.48,-82.9872,-78.101,-1.18265e-07,-0
2078.58,-82.9872,-78.101,-1.14881e-07,-0
2078.68,-82.9871,-78.101,-1.11594e-07,-0
2078.78,-82.9871,-78.1011,-1.084e-07,-0
2078.88,-82.987,-78.1011,-1.05298e-07,-0
2078.98,-82.987,-78.1011,-1.02285e-07,-0
2079.08,-82.9869,-78.1011,-9.9357e-08,-0
2079.18,-82.9869,-78.1011,-9.65131e-08,-0
2079.28,-82.9868,-78.1011,-9.37505e-08,-0
2079.38,-82.9868,-78.1012,-9.10668e-08,-0
2079.48,-82.9867,-78.1012,-8.84598e-08,-0
2079.58,-82.9867,-78.1012,-8.59273e-08,-0
2079.68,-82.9866,-78.1012,-8.34671e-08,-0
2079.78,-82.9866,-78.1012,-8.10773e-08,-0
2079.88,-82.9866,-78.1012,-7.87557e-08,-0
2079.98,-82.9865,-78.1013,-7.65006e-08,-0
2080.08,-82.9865,-78.1013,-7.43098e-08,-0
2080.18,-82.9864,-78.1013,-7.21817e-08,-0
2080.28,-82.9864,-78.1013,-7.01145e-08,-0
2080.38,-82.9863,-78.1013,-6.81063e-08,-0
2080.48,-82.9863,-78.1013,-6.61556e-08,-0
2080.58,-82.9863,-78.1013,-6.42606e-08,-0
2080.68,-82.9862,-78.1013,-6.24198e-08,-0
2080.78,-82.9862,-78.1014,-6.06317e-08,-0
2080.88,-82.9861,-78.1014,-5.88946e-08,-0
2080.98,-82.9861,-78.1014,-5.72073e-08,-0
2081.08,-82.986,-78.1014,-5.55682e-08,-0
2081.18,-82.986,-78.1014,-5.3976e-08,-0
2081.28,-82.986,-78.1014,-5.24294e-08,-0
2081.38,-82.9859,-78.1014,-5.09269e-08,-0
2081.48,-82.9859,-78.1015,-4.94675e-08,-0
2081.58,-82.9859,-78.1015,-4.80498e-08,-0
2081.68,-82.9858,-78.1015,-4.66727e-08,-0
2081.78,-82.9858,-78.1015,-4.53349e-08,-0
2081.88,-82.9857,-78.1015,-4.40355e-08,-0
2081.98,-82.9857,-78.1015,-4.27732e-08,-0
2082.08,-82.9857,-78.1015,-4.15471e-08,-0
2082.18,-82.9856,-78.1015,-4.0356e-08,-0
2082.28,-82.9856,-78.1016,-3.9199e-08,-0
2082.38,-82.9856,-78.1016,-3.80752e-08,-0
2082.48,-82.9855,-78.1016,-3.69835e-08,-0
2082.58,-82.9855,-78.1016,-3.5923e-08,-0
2082.68,-82.9855,-78.1016,-3.4893e-08,-0
2082.78,-82.9854,-78.1016,-3.38924e-08,-0
2082.88,-82.9854,-78.1016,-3.29204e-08,-0
2082.98,-82.9854,-78.1016,-3.19763e-08,-0
2083.08,-82.9853,-78.1016,-3.10592e-08,-0
2083.18,-82.9853,-78.1017,-3.01683e-08,-0
2083.28,-82.9853,-78.1017,-2.9303e-08,-0
2083.38,-82.9852,-78.1017,-2.84625e-08,-0
2083.48,-82.9852,-78.1017,-2.7646e-08,-0
2083.58,-82.9852,-78.1017,-2.68529e-08,-0
2083.68,-82.9851,-78.1017,-2.60825e-08,-0
2083.78,-82.9851,-78.1017,-2.53342e-08,-0
2083.88,-82.9851,-78.1017,-2.46073e-08,-0
2083.98,-82.985,-78.1017,-2.39012e-08,-0
2084.08,-82.985,-78.1017,-2.32154e-08,-0
2084.18,-82.985,-78.1018,-2.25492e-08,-0
2084.28,-82.985,-78.1018,-2.19021e-08,-0
2084.38,-82.9849,-78.1018,-2.12736e-08,-0
2084.48,-82.9849,-78.1018,-2.0663e-08,-0
2084.58,-82.9849,-78.1018,-2.007e-08,-0
2084.68,-82.9848,-78.1018,-1.94939e-08,-0
2084.78,-82.9848,-78.1018,-1.89343e-08,-0
2084.88,-82.9848,-78.1018,-1.83908e-08,-0
2084.98,-82.9848,-78.1018,-1.78629e-08,-0
2085.08,-82.9847,-78.1018,-1.73501e-08,-0
2085.18,-82.9847,-78.1018,-1.6852e-08,-0
2085.28,-82.9847,-78.1019,-1.63681e-08,-0
2085.38,-82.9847,-78.1019,-1.58982e-08,-0
2085.48,-82.9846,-78.1019,-1.54417e-08,-0
2085.58,-82.9846,-78.1019,-1.49983e-08,-0
2085.68,-82.9846,-78.1019,-1.45676e-08,-0
2085.78,-82.9846,-78.1019,-1.41492e-08,-0
2085.88,-82.9845,-78.1019,-1.37429e-08,-0
2085.98,-82.9845,-78.1019,-1.33482e-08,-0
2086.08,-82.9845,-78.1019,-1.29648e-08,-0
2086.18,-82.9845,-78.1019,-1.25924e-08,-0
2086.28,-82.9844,-78.1019,-1.22307e-08,-0
2086.38,-82.9844,-78.102,-1.18794e-08,-0
2086.48,-82.9844,-78.102,-1.15381e-08,-0
2086.58,-82.9844,-78.102,-1.12067e-08,-0
2086.68,-82.9843,-78.102,-1.08847e-08,-0
2086.78,-82.9843,-78.102,-1.0572e-08,-0
2086.88,-82.9843,-78.102,-1.02682e-08,-0
2086.98,-82.9843,-78.102,-9.9732e-09,-0
2087.08,-82.9842,-78.102,-9.68663e-09,-0
2087.18,-82.9842,-78.102,-9.40828e-09,-0
2087.28,-82.9842,-78.102,-9.13791e-09,-0
2087.38,-82.9842,-78.102,-8.87531e-09,-0
2087.48,-82.9842,-78.102,-8.62024e-09,-0
2087.58,-82.9841,-78.102,-8.37248e-09,-0
2087.68,-82.9841,-78.102,-8.13184e-09,-0
2087.78,-82.9841,-78.1021,-7.89811e-09,-0
2087.88,-82.9841,-78.1021,-7.67108e-09,-0
2087.98,-82.9841,-78.1021,-7.45057e-09,-0
2088.08,-82.984,-78.1021,-7.23639e-09,-0
2088.18,-82.984,-78.1021,-7.02835e-09,-0
2088.28,-82.984,-78.1021,-6.82629e-09,-0
2088.38,-82.984,-78.1021,-6.63003e-09,-0
2088.48,-82.984,-78.1021,-6.4394e-09,-0
2088.58,-82.9839,-78.1021,-6.25425e-09,-0
2088.68,-82.9839,-78.1021,-6.07441e-09,-0
2088.78,-82.9839,-78.1021,-5.89974e-09,-0
2088.88,-82.9839,-78.1021,-5.73008e-09,-0
2088.98,-82.9839,-78.1021,-5.56529e-09,-0
2089.08,-82.9838,-78.1021,-5.40524e-09,-0
2089.18,-82.9838,-78.1021,-5.24978e-09,-0
2089.28,-82.9838,-78.1021,-5.09879e-09,-0
2089.38,-82.9838,-78.1022,-4.95213e-09,-0
2089.48,-82.9838,-78.1022,-4.80968e-09,-0
2089.58,-82.9838,-78.1022,-4.67133e-09,-0
2089.68,-82.9837,-78.1022,-4.53695e-09,-0
2089.78,-82.9837,-78.1022,-4.40643e-09,-0
2089.88,-82.9837,-78.1022,-4.27966e-09,-0
2089.98,-82.9837,-78.1022,-4.15654e-09,-0
2090.08,-82.9837,-78.1022,-4.03695e-09,-0
2090.18,-82.9837,-78.1022,-3.92079e-09,-0
2090.28,-82.9836,-78.1022,-3.80798e-09,-0
2090.38,-82.9836,-78.1022,-3.6984e-09,-0
2090.48,-82.9836,-78.1022,-3.59197e-09,-0
2090.58,-82.9836,-78.1022,-3.48861e-09,-0
2090.68,-82.9836,-78.1022,-3.38821e-09,-0
2090.78,-82.9836,-78.1022,-3.2907e-09,-0
2090.88,-82.9835,-78.1022,-3.19599e-09,-0
2090.98,-82.9835,-78.1022,-3.104e-09,-0
2091.08,-82.9835,-78.1022,-3.01466e-09,-0
2091.18,-82.9835,-78.1023,-2.92788e-09,-0
2091.28,-82.9835,-78.1023,-2.8436e-09,-0
2091.38,-82.9835,-78.1023,-2.76174e-09,-0
2091.48,-82.9835,-78.1023,-2.68223e-09,-0
2091.58,-82.9834,-78.1023,-2.60502e-09,-0
2091.68,-82.9834,-78.1023,-2.53002e-09,-0
2091.78,-82.9834,-78.1023,-2.45717e-09,-0
2091.88,-82.9834,-78.1023,-2.38642e-09,-0
2091.98,-82.9834,-78.1023,-2.31771e-09,-0
2092.08,-82.9834,-78.1023,-2.25097e-09,-0
2092.18,-82.9834,-78.1023,-2.18615e-09,-0
2092.28,-82.9834,-78.1023,-2.1232e-09,-0
2092.38,-82.9833,-78.1023,-2.06205e-09,-0
2092.48,-82.9833,-78.1023,-2.00267e-09,-0
2092.58,-82.9833,-78.1023,-1.94499e-09,-0
2092.68,-82.9833,-78.1023,-1.88897e-09,-0
2092.78,-82.9833,-78.1023,-1.83456e-09,-0
2092.88,-82.9833,-78.1023,-1.78172e-09,-0
2092.98,-82.9833,-78.1023,-1.73039e-09,-0
2093.08,-82.9832,-78.1023,-1.68055e-09,-0
2093.18,-82.9832,-78.1023,-1.63214e-09,-0
2093.28,-82.9832,-78.1023,-1.58512e-09,-0
2093.38,-82.9832,-78.1023,-1.53945e-09,-0
2093.48,-82.9832,-78.1024,-1.4951e-09,-0
2093.58,-82.9832,-78.1024,-1.45202e-09,-0
2093.68,-82.9832,-78.1024,-1.41018e-09,-0
2093.78,-82.9832,-78.1024,-1.36955e-09,-0
2093.88,-82.9832,-78.1024,-1.33009e-09,-0
2093.98,-82.9831,-78.1024,-1.29176e-09,-0
2094.08,-82.9831,-78.1024,-1.25453e-09,-0
2094.18,-82.9831,-78.1024,-1.21838e-09,-0
2094.28,-82.9831,-78.1024,-1.18327e-09,-0
2094.38,-82.9831,-78.1024,-1.14916e-09,-0
2094.48,-82.9831,-78.1024,-1.11604e-09,-0
2094.58,-82.9831,-78.1024,-1.08387e-09,-0
2094.68,-82.9831,-78.1024,-1.05263e-09,-0
2094.78,-82.9831,-78.1024,-1.02229e-09,-0
2094.88,-82.983,-78.1024,-9.92822e-10,-0
2094.98,-82.983,-78.1024,-9.64201e-10,-0
2095.08,-82.983,-78.1024,-9.36405e-10,-0
2095.18,-82.983,-78.1024,-9.09409e-10,-0
2095.28,-82.983,-78.1024,-8.8319e-10,-0
2095.38,-82.983,-78.1024,-8.57727e-10,-0
2095.48,-82.983,-78.1024,-8.32996e-10,-0
2095.58,-82.983,-78.1024,-8.08978e-10,-0
2095.68,-82.983,-78.1024,-7.85651e-10,-0
2095.78,-82.983,-78.1024,-7.62996e-10,-0
2095.88,-82.9829,-78.1024,-7.40994e-10,-0
2095.98,-82.9829,-78.1024,-7.19625e-10,-0
2096.08,-82.9829,-78.1024,-6.98872e-10,-0
2096.18,-82.9829,-78.1024,-6.78716e-10,-0
2096.28,-82.9829,-78.1024,-6.59141e-10,-0
2096.38,-82.9829,-78.1025,-6.4013e-10,-0
2096.48,-82.9829,-78.1025,-6.21667e-10,-0
2096.58,-82.9829,-78.1025,-6.03736e-10,-0
2096.68,-82.9829,-78.1025,-5.86321e-10,-0
2096.78,-82.9829,-78.1025,-5.69407e-10,-0
2096.88,-82.9829,-78.1025,-5.52982e-10,-0
2096.98,-82.9829,-78.1025,-5.37029e-10,-0
2097.08,-82.9828,-78.1025,-5.21536e-10,-0
2097.18,-82.9828,-78.1025,-5.06489e-10,-0
2097.28,-82.9828,-78.1025,-4.91876e-10,-0
2097.38,-82.9828,-78.1025,-4.77685e-10,-0
2097.48,-82.9828,-78.1025,-4.63902e-10,-0
2097.58,-82.9828,-78.1025,-4.50516e-10,-0
2097.68,-82.9828,-78.1025,-4.37516e-10,-0
2097.78,-82.9828,-78.1025,-4.24891e-10,-0
2097.88,-82.9828,-78.1025,-4.1263e-10,-0
2097.98,-82.9828,-78.1025,-4.00722e-10,-0
2098.08,-82.9828,-78.1025,-3.89157e-10,-0
2098.18,-82.9828,-78.1025,-3.77926e-10,-0
2098.28,-82.9827,-78.1025,-3.67018e-10,-0
2098.38,-82.9827,-78.1025,-3.56425e-10,-0
2098.48,-82.9827,-78.1025,-3.46137e-10,-0
2098.58,-82.9827,-78.1025,-3.36146e-10,-0
2098.68,-82.9827,-78.1025,-3.26443e-10,-0
2098.78,-82.9827,-78.1025,-3.1702e-10,-0
2098.88,-82.9827,-78.1025,-3.07868e-10,-0
2098.98,-82.9827,-78.1025,-2.9898e-10,-0
2099.08,-82.9827,-78.1025,-2.90349e-10,-0
2099.18,-82.9827,-78.1025,-2.81966e-10,-0
2099.28,-82.9827,-78.1025,-2.73826e-10,-0
2099.38,-82.9827,-78.1025,-2.6592e-10,-0
2099.48,-82.9827,-78.1025,-2.58242e-10,-0
2099.58,-82.9827,-78.1025,-2.50785e-10,-0
2099.68,-82.9827,-78.1025,-2.43543e-10,-0
2099.78,-82.9826,-78.1025,-2.36511e-10,-0
2099.88,-82.9826,-78.1025,-2.29681e-10,-0
2099.98,-82.9826,-78.1025,-2.23048e-10,-0
2100.08,-82.9826,-78.1025,-2.16607e-10,-0
2100.18,-82.9826,-78.1025,-2.10351e-10,-0
2100.28,-82.9826,-78.1025,-2.04276e-10,-0
2100.38,-82.9826,-78.1025,-1.98376e-10,-0
2100.48,-82.9826,-78.1026,-1.92646e-10,-0
2100.58,-82.9826,-78.1026,-1.87081e-10,-0
2100.68,-82.9826,-78.1026,-1.81678e-10,-0
2100.78,-82.9826,-78.1026,-1.7643e-10,-0
2100.88,-82.9826,-78.1026,-1.71333e-10,-0
2100.98,-82.9826,-78.1026,-1.66384e-10,-0
2101.08,-82.9826,-78.1026,-1.61577e-10,-0
2101.18,-82.9826,-78.1026,-1.56909e-10,-0
2101.28,-82.9826,-78.1026,-1.52376e-10,-0
2101.38,-82.9826,-78.1026,-1.47973e-10,-0
2101.48,-82.9825,-78.1026,-1.43698e-10,-0
2101.58,-82.9825,-78.1026,-1.39546e-10,-0
2101.68,-82.9825,-78.1026,-1.35514e-10,-0
2101.78,-82.9825,-78.1026,-1.31598e-10,-0
2101.88,-82.9825,-78.1026,-1.27795e-10,-0
2101.98,-82.9825,-78.1026,-1.24102e-10,-0
2102.08,-82.9825,-78.1026,-1.20516e-10,-0
2102.18,-82.9825,-78.1026,-1.17033e-10,-0
2102.28,-82.9825,-78.1026,-1.13651e-10,-0
2102.38,-82.9825,-78.1026,-1.10366e-10,-0
2102.48,-82.9825,-78.1026,-1.07176e-10,-0
2102.58,-82.9825,-78.1026,-1.04079e-10,-0
2102.68,-82.9825,-78.1026,-1.0107e-10,-0
2102.78,-82.9825,-78.1026,-9.81489e-11,-0
2102.88,-82.9825,-78.1026,-9.53119e-11,-0
2102.98,-82.9825,-78.1026,-9.25567e-11,-0
2103.08,-82.9825,-78.1026,-8.98811e-11,-0
2103.18,-82.9825,-78.1026,-8.72828e-11,-0
2103.28,-82.9825,-78.1026,-8.47594e-11,-0
2103.38,-82.9825,-78.1026,-8.2309e-11,-0
2103.48,-82.9824,-78.1026,-7.99294e-11,-0
2103.58,-82.9824,-78.1026,-7.76184e-11,-0
2103.68,-82.9824,-78.1026,-7.53742e-11,-0
2103.78,-82.9824,-78.1026,-7.31948e-11,-0
2103.88,-82.9824,-78.1026,-7.10784e-11,-0
2103.98,-82.9824,-78.1026,-6.90231e-11,-0
2104.08,-82.9824,-78.1026,-6.70272e-11,-0
2104.18,-82.9824,-78.1026,-6.50889e-11,-0
2104.28,-82.9824,-78.1026,-6.32067e-11,-0
2104.38,-82.9824,-78.1026,-6.13788e-11,-0
2104.48,-82.9824,-78.1026,-5.96037e-11,-0
2104.58,-82.9824,-78.1026,-5.78798e-11,-0
2104.68,-82.9824,-78.1026,-5.62058e-11,-0
2104.78,-82.9824,-78.1026,-5.45802e-11,-0
2104.88,-82.9824,-78.1026,-5.30015e-11,-0
2104.98,-82.9824,-78.1026,-5.14685e-11,-0
2105.08,-82.9824,-78.1026,-4.99797e-11,-0
2105.18,-82.9824,-78.1026,-4.8534e-11,-0
2105.28,-82.9824,-78.1026,-4.713e-11,-0
2105.38,-82.9824,-78.1026,-4.57666e-11,-0
2105.48,-82.9824,-78.1026,-4.44426e-11,-0
2105.58,-82.9824,-78.1026,-4.31569e-11,-0
2105.68,-82.9824,-78.1026,-4.19083e-11,-0
2105.78,-82.9824,-78.1026,-4.06959e-11,-0
2105.88,-82.9824,-78.1026,-3.95184e-11,-0
2105.98,-82.9824,-78.1026,-3.8375e-11,-0
2106.08,-82.9823,-78.1026,-3.72647e-11,-0
2106.18,-82.9823,-78.1026,-3.61864e-11,-0
2106.28,-82.9823,-78.1026,-3.51393e-11,-0
2106.38,-82.9823,-78.1026,-3.41225e-11,-0
2106.48,-82.9823,-78.1026,-3.3135e-11,-0
2106.58,-82.9823,-78.1026,-3.21762e-11,-0
2106.68,-82.9823,-78.1026,-3.1245e-11,-0
2106.78,-82.9823,-78.1026,-3.03408e-11,-0
2106.88,-82.9823,-78.1026,-2.94627e-11,-0
2106.98,-82.9823,-78.1026,-2.86099e-11,-0
2107.08,-82.9823,-78.1026,-2.77819e-11,-0
2107.18,-82.9823,-78.1026,-2.69778e-11,-0
2107.28,-82.9823,-78.1026,-2.61969e-11,-0
2107.38,-82.9823,-78.1026,-2.54386e-11,-0
2107.48,-82.9823,-78.1027,-2.47023e-11,-0
2107.58,-82.9823,-78.1027,-2.39872e-11,-0
2107.68,-82.9823,-78.1027,-2.32928e-11,-0
2107.78,-82.9823,-78.1027,-2.26185e-11,-0
2107.88,-82.9823,-78.1027,-2.19637e-11,-0
2107.98,-82.9823,-78.1027,-2.13279e-11,-0
2108.08,-82.9823,-78.1027,-2.07104e-11,-0
2108.18,-82.9823,-78.1027,-2.01108e-11,-0
2108.28,-82.9823,-78.1027,-1.95285e-11,-0
2108.38,-82.9823,-78.1027,-1.89631e-11,-0
2108.48,-82.9823,-78.1027,-1.8414e-11,-0
2108.58,-82.9823,-78.1027,-1.78808e-11,-0
2108.68,-82.9823,-78.1027,-1.73631e-11,-0
2108.78,-82.9823,-78.1027,-1.68603e-11,-0
2108.88,-82.9823,-78.1027,-1.63721e-11,-0
2108.98,-82.9823,-78.1027,-1.58979e-11,-0
2109.08,-82.9823,-78.1027,-1.54375e-11,-0
2109.18,-82.9823,-78.1027,-1.49905e-11,-0
2109.28,-82.9823,-78.1027,-1.45563e-11,-0
2109.38,-82.9823,-78.1027,-1.41347e-11,-0
2109.48,-82.9822,-78.1027,-1.37254e-11,-0
2109.58,-82.9822,-78.1027,-1.33278e-11,-0
2109.68,-82.9822,-78.1027,-1.29418e-11,-0
2109.78,-82.9822,-78.1027,-1.25669e-11,-0
2109.88,-82.9822,-78.1027,-1.22029e-11,-0
2109.98,-82.9822,-78.1027,-1.18494e-11,-0
2110.08,-82.9822,-78.1027,-1.15062e-11,-0
2110.18,-82.9822,-78.1027,-1.11729e-11,-0
2110.28,-82.9822,-78.1027,-1.08492e-11,-0
2110.38,-82.9822,-78.1027,-1.05349e-11,-0
2110.48,-82.9822,-78.1027,-1.02297e-11,-0
2110.58,-82.9822,-78.1027,-9.93332e-12,-0
2110.68,-82.9822,-78.1027,-9.64553e-12,-0
2110.78,-82.9822,-78.1027,-9.36607e-12,-0
2110.88,-82.9822,-78.1027,-9.0947e-12,-0
2110.98,-82.9822,-78.1027,-8.83118e-12,-0
2111.08,-82.9822,-78.1027,-8.57529e-12,-0
2111.18,-82.9822,-78.1027,-8.32681e-12,-0
2111.28,-82.9822,-78.1027,-8.08552e-12,-0
2111.38,-82.9822,-78.1027,-7.85122e-12,-0
2111.48,-82.9822,-78.1027,-7.6237e-12,-0
2111.58,-82.9822,-78.1027,-7.40277e-12,-0
2111.68,-82.9822,-78.1027,-7.18823e-12,-0
2111.78,-82.9822,-78.1027,-6.97991e-12,-0
2111.88,-82.9822,-78.1027,-6.77762e-12,-0
2111.98,-82.9822,-78.1027,-6.58119e-12,-0
2112.08,-82.9822,-78.1027,-6.39044e-12,-0
2112.18,-82.9822,-78.1027,-6.20522e-12,-0
2112.28,-82.9822,-78.1027,-6.02536e-12,-0
2112.38,-82.9822,-78.1027,-5.85071e-12,-0
2112.48,-82.9822,-78.1027,-5.68112e-12,-0
2112.58,-82.9822,-78.1027,-5.51644e-12,-0
2112.68,-82.9822,-78.1027,-5.35653e-12,-0
2112.78,-82.9822,-78.1027,-5.20125e-12,-0
2112.88,-82.9822,-78.1027,-5.05047e-12,-0
2112.98,-82.9822,-78.1027,-4.90405e-12,-0
2113.08,-82.9822,-78.1027,-4.76188e-12,-0
2113.18,-82.9822,-78.1027,-4.62382e-12,-0
2113.28,-82.9822,-78.1027,-4.48977e-12,-0
2113.38,-82.9822,-78.1027,-4.35959e-12,-0
2113.48,-82.9822,-78.1027,-4.23319e-12,-0
2113.58,-82.9822,-78.1027,-4.11045e-12,-0
2113.68,-82.9822,-78.1027,-3.99127e-12,-0
2113.78,-82.9822,-78.1027,-3.87553e-12,-0
2113.88,-82.9822,-78.1027,-3.76315e-12,-0
2113.98,-82.9822,-78.1027,-3.65403e-12,-0
2114.08,-82.9822,-78.1027,-3.54807e-12,-0
2114.18,-82.9822,-78.1027,-3.44518e-12,-0
2114.28,-82.9822,-78.1027,-3.34527e-12,-0
2114.38,-82.9822,-78.1027,-3.24825e-12,-0
2114.48,-82.9822,-78.1027,-3.15405e-12,-0
2114.58,-82.9822,-78.1027,-3.06257e-12,-0
2114.68,-82.9821,-78.1027,-2.97375e-12,-0
2114.78,-82.9821,-78.1027,-2.8875e-12,-0
2114.88,-82.9821,-78.1027,-2.80375e-12,-0
2114.98,-82.9821,-78.1027,-2.72242e-12,-0
2115.08,-82.9821,-78.1027,-2.64346e-12,-0
2115.18,-82.9821,-78.1027,-2.56678e-12,-0
2115.28,-82.9821,-78.1027,-2.49232e-12,-0
2115.38,-82.9821,-78.1027,-2.42003e-12,-0
2115.48,-82.9821,-78.1027,-2.34982e-12,-0
2115.58,-82.9821,-78.1027,-2.28166e-12,-0
2115.68,-82.9821,-78.1027,-2.21546e-12,-0
2115.78,-82.9821,-78.1027,-2.15119e-12,-0
2115.88,-82.9821,-78.1027,-2.08878e-12,-0
2115.98,-82.9821,-78.1027,-2.02818e-12,-0
2116.08,-82.9821,-78.1027,-1.96934e-12,-0
2116.18,-82.9821,-78.1027,-1.9122e-12,-0
2116.28,-82.9821,-78.1027,-1.85671e-12,-0
2116.38,-82.9821,-78.1027,-1.80284e-12,-0
2116.48,-82.9821,-78.1027,-1.75053e-12,-0
2116.58,-82.9821,-78.1027,-1.69974e-12,-0
2116.68,-82.9821,-78.1027,-1.65041e-12,-0
2116.78,-82.9821,-78.1027,-1.60252e-12,-0
2116.88,-82.9821,-78.1027,-1.55602e-12,-0
2116.98,-82.9821,-78.1027,-1.51086e-12,-0
2117.08,-82.9821,-78.1027,-1.46702e-12,-0
2117.18,-82.9821,-78.1027,-1.42444e-12,-0
2117.28,-82.9821,-78.1027,-1.3831e-12,-0
2117.38,-82.9821,-78.1027,-1.34296e-12,-0
2117.48,-82.9821,-78.1027,-1.30398e-12,-0
2117.58,-82.9821,-78.1027,-1.26614e-12,-0
2117.68,-82.9821,-78.1027,-1.22939e-12,-0
2117.78,-82.9821,-78.1027,-1.1937e-12,-0
2117.88,-82.9821,-78.1027,-1.15906e-12,-0
2117.98,-82.9821,-78.1027,-1.12541e-12,-0
2118.08,-82.9821,-78.1027,-1.09274e-12,-0
2118.18,-82.9821,-78.1027,-1.06102e-12,-0
2118.28,-82.9821,-78.1027,-1.03022e-12,-0
2118.38,-82.9821,-78.1027,-1.00032e-12,-0
2118.48,-82.9821,-78.1027,-9.71277e-13,-0
2118.58,-82.9821,-78.1027,-9.4308e-13,-0
2118.68,-82.9821,-78.1027,-9.157e-13,-0
2118.78,-82.9821,-78.1027,-8.89116e-13,-0
2118.88,-82.9821,-78.1027,-8.63302e-13,-0
2118.98,-82.9821,-78.1027,-8.38237e-13,-0
2119.08,-82.9821,-78.1027,-8.13899e-13,-0
2119.18,-82.9821,-78.1027,-7.90268e-13,-0
2119.28,-82.9821,-78.1027,-7.67322e-13,-0
2119.38,-82.9821,-78.1027,-7.45041e-13,-0
2119.48,-82.9821,-78.1027,-7.23407e-13,-0
2119.58,-82.9821,-78.1027,-7.02401e-13,-0
2119.68,-82.9821,-78.1027,-6.82005e-13,-0
2119.78,-82.9821,-78.1027,-6.622e-13,-0
2119.88,-82.9821,-78.1027,-6.4297e-13,-0
2119.98,-82.9821,-78.1027,-6.24297e-13,-0
2120.08,-82.9821,-78.1027,-6.06167e-13,-0
2120.18,-82.9821,-78.1027,-5.88563e-13,-0
2120.28,-82.9821,-78.1027,-5.7147e-13,-0
2120.38,-82.9821,-78.1027,-5.54872e-13,-0
2120.48,-82.9821,-78.1027,-5.38757e-13,-0
2120.58,-82.9821,-78.1027,-5.23109e-13,-0
2120.68,-82.9821,-78.1027,-5.07915e-13,-0
2120.78,-82.9821,-78.1027,-4.93162e-13,-0
2120.88,-82.9821,-78.1027,-4.78837e-13,-0
2120.98,-82.9821,-78.1027,-4.64928e-13,-0
2121.08,-82.9821,-78.1027,-4.51423e-13,-0
2121.18,-82.9821,-78.1027,-4.3831e-13,-0
2121.28,-82.9821,-78.1027,-4.25578e-13,-0
2121.38,-82.9821,-78.1027,-4.13215e-13,-0
2121.48,-82.9821,-78.1027,-4.01211e-13,-0
2121.58,-82.9821,-78.1027,-3.89555e-13,-0
2121.68,-82.9821,-78.1027,-3.78238e-13,-0
2121.78,-82.9821,-78.1027,-3.67249e-13,-0
2121.88,-82.9821,-78.1027,-3.56579e-13,-0
2121.98,-82.9821,-78.1027,-3.46219e-13,-0
2122.08,-82.9821,-78.1027,-3.3616e-13,-0
2122.18,-82.9821,-78.1027,-3.26393e-13,-0
2122.28,-82.9821,-78.1027,-3.16909e-13,-0
2122.38,-82.9821,-78.1027,-3.07701e-13,-0
2122.48,-82.9821,-78.1027,-2.9876e-13,-0
2122.58,-82.9821,-78.1027,-2.90079e-13,-0
2122.68,-82.9821,-78.1027,-2.8165e-13,-0
2122.78,-82.9821,-78.1027,-2.73465e-13,-0
2122.88,-82.9821,-78.1027,-2.65518e-13,-0
2122.98,-82.9821,-78.1027,-2.57802e-13,-0
2123.08,-82.9821,-78.1027,-2.5031e-13,-0
2123.18,-82.9821,-78.1027,-2.43036e-13,-0
2123.28,-82.9821,-78.1027,-2.35973e-13,-0
2123.38,-82.9821,-78.1027,-2.29115e-13,-0
2123.48,-82.9821,-78.1027,-2.22456e-13,-0
2123.58,-82.9821,-78.1027,-2.1599e-13,-0
2123.68,-82.9821,-78.1027,-2.09713e-13,-0
2123.78,-82.9821,-78.1027,-2.03617e-13,-0
2123.88,-82.9821,-78.1027,-1.97699e-13,-0
2123.98,-82.9821,-78.1027,-1.91953e-13,-0
2124.08,-82.9821,-78.1027,-1.86373e-13,-0
2124.18,-82.9821,-78.1027,-1.80956e-13,-0
2124.28,-82.9821,-78.1027,-1.75695e-13,-0
2124.38,-82.9821,-78.1027,-1.70588e-13,-0
2124.48,-82.9821,-78.1027,-1.65629e-13,-0
2124.58,-82.9821,-78.1027,-1.60814e-13,-0
2124.68,-82.9821,-78.1027,-1.56139e-13,-0
2124.78,-82.9821,-78.1027,-1.516e-13,-0
2124.88,-82.9821,-78.1027,-1.47193e-13,-0
2124.98,-82.9821,-78.1027,-1.42913e-13,-0
2125.08,-82.9821,-78.1027,-1.38758e-13,-0
2125.18,-82.9821,-78.1027,-1.34724e-13,-0
2125.28,-82.9821,-78.1027,-1.30807e-13,-0
2125.38,-82.9821,-78.1027,-1.27004e-13,-0
2125.48,-82.9821,-78.1027,-1.23311e-13,-0
2125.58,-82.982,-78.1027,-1.19725e-13,-0
2125.68,-82.982,-78.1027,-1.16244e-13,-0
2125.78,-82.982,-78.1027,-1.12864e-13,-0
2125.88,-82.982,-78.1027,-1.09582e-13,-0
2125.98,-82.982,-78.1027,-1.06396e-13,-0
2126.08,-82.982,-78.1027,-1.03302e-13,-0
2126.18,-82.982,-78.1027,-1.00298e-13,-0
2126.28,-82.982,-78.1027,-9.73808e-14,-0
2126.38,-82.982,-78.1027,-9.45488e-14,-0
2126.48,-82.982,-78.1027,-9.17992e-14,-0
2126.58,-82.982,-78.1027,-8.91294e-14,-0
2126.68,-82.982,-78.1027,-8.65372e-14,-0
2126.78,-82.982,-78.1027,-8.40204e-14,-0
2126.88,-82.982,-78.1027,-8.15767e-14,-0
2126.98,-82.982,-78.1027,-7.9204e-14,-0
2127.08,-82.982,-78.1027,-7.69003e-14,-0
2127.18,-82.982,-78.1027,-7.46635e-14,-0
2127.28,-82.982,-78.1027,-7.24918e-14,-0
2127.38,-82.982,-78.1027,-7.03832e-14,-0
2127.48,-82.982,-78.1027,-6.83359e-14,-0
2127.58,-82.982,-78.1027,-6.63481e-14,-0
2127.68,-82.982,-78.1027,-6.44181e-14,-0
2127.78,-82.982,-78.1027,-6.25441e-14,-0
2127.88,-82.982,-78.1027,-6.07247e-14,-0
2127.98,-82.982,-78.1027,-5.89581e-14,-0
2128.08,-82.982,-78.1027,-5.72429e-14,-0
2128.18,-82.982,-78.1027,-5.55776e-14,-0
2128.28,-82.982,-78.1027,-5.39607e-14,-0
2128.38,-82.982,-78.1027,-5.23908e-14,-0
2128.48,-82.982,-78.1027,-5.08665e-14,-0
2128.58,-82.982,-78.1027,-4.93866e-14,-0
2128.68,-82.982,-78.1027,-4.79497e-14,-0
2128.78,-82.982,-78.1027,-4.65545e-14,-0
2128.88,-82.982,-78.1027,-4.52e-14,-0
2128.98,-82.982,-78.1027,-4.38848e-14,-0
2129.08,-82.982,-78.1027,-4.26078e-14,-0
2129.18,-82.982,-78.1027,-4.1368e-14,-0
2129.28,-82.982,-78.1027,-4.01643e-14,-0
2129.38,-82.982,-78.1027,-3.89955e-14,-0
2129.48,-82.982,-78.1027,-3.78607e-14,-0
2129.58,-82.982,-78.1027,-3.6759e-14,-0
2129.68,-82.982,-78.1027,-3.56893e-14,-0
2129.78,-82.982,-78.1027,-3.46506e-14,-0
2129.88,-82.982,-78.1027,-3.36422e-14,-0
2129.98,-82.982,-78.1027,-3.26631e-14,-0
2130.08,-82.982,-78.1027,-3.17125e-14,-0
2130.18,-82.982,-78.1027,-3.07896e-14,-0
2130.28,-82.982,-78.1027,-2.98935e-14,-0
2130.38,-82.982,-78.1027,-2.90234e-14,-0
2130.48,-82.982,-78.1027,-2.81787e-14,-0
2130.58,-82.982,-78.1027,-2.73585e-14,-0
2130.68,-82.982,-78.1027,-2.65622e-14,-0
2130.78,-82.982,-78.1027,-2.5789e-14,-0
2130.88,-82.982,-78.1027,-2.50383e-14,-0
2130.98,-82.982,-78.1027,-2.43095e-14,-0
2131.08,-82.982,-78.1027,-2.36019e-14,-0
2131.18,-82.982,-78.1027,-2.29148e-14,-0
2131.28,-82.982,-78.1027,-2.22478e-14,-0
2131.38,-82.982,-78.1027,-2.16001e-14,-0
2131.48,-82.982,-78.1027,-2.09713e-14,-0
2131.58,-82.982,-78.1027,-2.03608e-14,-0
2131.68,-82.982,-78.1027,-1.97681e-14,-0
2131.78,-82.982,-78.1027,-1.91926e-14,-0
2131.88,-82.982,-78.1027,-1.86338e-14,-0
2131.98,-82.982,-78.1027,-1.80913e-14,-0
2132.08,-82.982,-78.1027,-1.75646e-14,-0
2132.18,-82.982,-78.1027,-1.70532e-14,-0
2132.28,-82.982,-78.1027,-1.65566e-14,-0
2132.38,-82.982,-78.1027,-1.60746e-14,-0
2132.48,-82.982,-78.1027,-1.56065e-14,-0
2132.58,-82.982,-78.1027,-1.51521e-14,-0
2132.68,-82.982,-78.1027,-1.47109e-14,-0
2132.78,-82.982,-78.1027,-1.42825e-14,-0
2132.88,-82.982,-78.1027,-1.38667e-14,-0
2132.98,-82.982,-78.1027,-1.34629e-14,-0
2133.08,-82.982,-78.1027,-1.30708e-14,-0
2133.18,-82.982,-78.1027,-1.26902e-14,-0
2133.28,-82.982,-78.1027,-1.23206e-14,-0
2133.38,-82.982,-78.1027,-1.19618e-14,-0
2133.48,-82.982,-78.1027,-1.16135e-14,-0
2133.58,-82.982,-78.1027,-1.12753e-14,-0
2133.68,-82.982,-78.1027,-1.09469e-14,-0
2133.78,-82.982,-78.1027,-1.06281e-14,-0
2133.88,-82.982,-78.1027,-1.03185e-14,-0
2133.98,-82.982,-78.1027,-1.0018e-14,-0
2134.08,-82.982,-78.1027,-9.72622e-15,-0
2134.18,-82.982,-78.1027,-9.44293e-15,-0
2134.28,-82.982,-78.1027,-9.16789e-15,-0
2134.38,-82.982,-78.1027,-8.90085e-15,-0
2134.48,-82.982,-78.1027,-8.64159e-15,-0
2134.58,-82.982,-78.1027,-8.38987e-15,-0
2134.68,-82.982,-78.1027,-8.14549e-15,-0
2134.78,-82.982,-78.1027,-7.90821e-15,-0
2134.88,-82.982,-78.1027,-7.67785e-15,-0
2134.98,-82.982,-78.1027,-7.45419e-15,-0
2135.08,-82.982,-78.1027,-7.23704e-15,-0
2135.18,-82.982,-78.1027,-7.02621e-15,-0
2135.28,-82.982,-78.1027,-6.82152e-15,-0
2135.38,-82.982,-78.1027,-6.62279e-15,-0
2135.48,-82.982,-78.1027,-6.42985e-15,-0
2135.58,-82.982,-78.1027,-6.24253e-15,-0
2135.68,-82.982,-78.1027,-6.06066e-15,-0
2135.78,-82.982,-78.1027,-5.88408e-15,-0
2135.88,-82.982,-78.1027,-5.71265e-15,-0
2135.98,-82.982,-78.1027,-5.5462e-15,-0
2136.08,-82.982,-78.1027,-5.38461e-15,-0
2136.18,-82.982,-78.1027,-5.22772e-15,-0
2136.28,-82.982,-78.1027,-5.07539e-15,-0
2136.38,-82.982,-78.1027,-4.92751e-15,-0
2136.48,-82.982,-78.1027,-4.78393e-15,-0
2136.58,-82.982,-78.1027,-4.64453e-15,-0
2136.68,-82.982,-78.1027,-4.50919e-15,-0
2136.78,-82.982,-78.1027,-4.37779e-15,-0
2136.88,-82.982,-78.1027,-4.25022e-15,-0
2136.98,-82.982,-78.1027,-4.12637e-15,-0
2137.08,-82.982,-78.1027,-4.00612e-15,-0
2137.18,-82.982,-78.1027,-3.88937e-15,-0
2137.28,-82.982,-78.1027,-3.77602e-15,-0
2137.38,-82.982,-78.1027,-3.66598e-15,-0
2137.48,-82.982,-78.1027,-3.55914e-15,-0
2137.58,-82.982,-78.1027,-3.45541e-15,-0
2137.68,-82.982,-78.1027,-3.35471e-15,-0
2137.78,-82.982,-78.1027,-3.25693e-15,-0
2137.88,-82.982,-78.1027,-3.16201e-15,-0
2137.98,-82.982,-78.1027,-3.06985e-15,-0
2138.08,-82.982,-78.1027,-2.98037e-15,-0
2138.18,-82.982,-78.1027,-2.8935e-15,-0
2138.28,-82.982,-78.1027,-2.80916e-15,-0
2138.38,-82.982,-78.1027,-2.72728e-15,-0
2138.48,-82.982,-78.1027,-2.64778e-15,-0
2138.58,-82.982,-78.1027,-2.5706e-15,-0
2138.68,-82.982,-78.1027,-2.49567e-15,-0
2138.78,-82.982,-78.1027,-2.42292e-15,-0
2138.88,-82.982,-78.1027,-2.35229e-15,-0
2138.98,-82.982,-78.1027,-2.28372e-15,-0
2139.08,-82.982,-78.1027,-2.21714e-15,-0
2139.18,-82.982,-78.1027,-2.15251e-15,-0
2139.28,-82.982,-78.1027,-2.08976e-15,-0
2139.38,-82.982,-78.1027,-2.02884e-15,-0
2139.48,-82.982,-78.1027,-1.96969e-15,-0
2139.58,-82.982,-78.1027,-1.91226e-15,-0
2139.68,-82.982,-78.1027,-1.85651e-15,-0
2139.78,-82.982,-78.1027,-1.80238e-15,-0
2139.88,-82.982,-78.1027,-1.74983e-15,-0
2139.98,-82.982,-78.1027,-1.69882e-15,-0
2140.08,-82.982,-78.1027,-1.64928e-15,-0
2140.18,-82.982,-78.1027,-1.6012e-15,-0
2140.28,-82.982,-78.1027,-1.55451e-15,-0
2140.38,-82.982,-78.1027,-1.50918e-15,-0
2140.48,-82.982,-78.1027,-1.46518e-15,-0
2140.58,-82.982,-78.1027,-1.42245e-15,-0
2140.68,-82.982,-78.1027,-1.38097e-15,-0
2140.78,-82.982,-78.1027,-1.3407e-15,-0
2140.88,-82.982,-78.1027,-1.30161e-15,-0
2140.98,-82.982,-78.1027,-1.26365e-15,-0
2141.08,-82.982,-78.1027,-1.2268e-15,-0
2141.18,-82.982,-78.1027,-1.19103e-15,-0
2141.28,-82.982,-78.1027,-1.15629e-15,-0
2141.38,-82.982,-78.1027,-1.12257e-15,-0
2141.48,-82.982,-78.1027,-1.08983e-15,-0
2141.58,-82.982,-78.1027,-1.05805e-15,-0
2141.68,-82.982,-78.1027,-1.02719e-15,-0
2141.78,-82.982,-78.1027,-9.97234e-16,-0
2141.88,-82.982,-78.1027,-9.68149e-16,-0
2141.98,-82.982,-78.1027,-9.39912e-16,-0
2142.08,-82.982,-78.1027,-9.12498e-16,-0
2142.18,-82.982,-78.1027,-8.85883e-16,-0
2142.28,-82.982,-78.1027,-8.60044e-16,-0
2142.38,-82.982,-78.1027,-8.34959e-16,-0
2142.48,-82.982,-78.1027,-8.10604e-16,-0
2142.58,-82.982,-78.1027,-7.8696e-16,-0
2142.68,-82.982,-78.1027,-7.64005e-16,-0
2142.78,-82.982,-78.1027,-7.41719e-16,-0
2142.88,-82.982,-78.1027,-7.20083e-16,-0
2142.98,-82.982,-78.1027,-6.99077e-16,-0
2143.08,-82.982,-78.1027,-6.78684e-16,-0
2143.18,-82.982,-78.1027,-6.58886e-16,-0
2143.28,-82.982,-78.1027,-6.39665e-16,-0
2143.38,-82.982,-78.1027,-6.21004e-16,-0
2143.48,-82.982,-78.1027,-6.02887e-16,-0
2143.58,-82.982,-78.1027,-5.85299e-16,-0
2143.68,-82.982,-78.1027,-5.68223e-16,-0
2143.78,-82.982,-78.1027,-5.51646e-16,-0
2143.88,-82.982,-78.1027,-5.35552e-16,-0
2143.98,-82.982,-78.1027,-5.19927e-16,-0
2144.08,-82.982,-78.1027,-5.04757e-16,-0
2144.18,-82.982,-78.1027,-4.9003e-16,-0
2144.28,-82.982,-78.1027,-4.75733e-16,-0
2144.38,-82.982,-78.1027,-4.61852e-16,-0
2144.48,-82.982,-78.1027,-4.48376e-16,-0
2144.58,-82.982,-78.1027,-4.35293e-16,-0
2144.68,-82.982,-78.1027,-4.22592e-16,-0
2144.78,-82.982,-78.1027,-4.10261e-16,-0
2144.88,-82.982,-78.1027,-3.9829e-16,-0
2144.98,-82.982,-78.1027,-3.86668e-16,-0
2145.08,-82.982,-78.1027,-3.75384e-16,-0
2145.18,-82.982,-78.1027,-3.6443e-16,-0
2145.28,-82.982,-78.1027,-3.53796e-16,-0
2145.38,-82.982,-78.1027,-3.43471e-16,-0
2145.48,-82.982,-78.1027,-3.33448e-16,-0
2145.58,-82.982,-78.1027,-3.23717e-16,-0
2145.68,-82.982,-78.1027,-3.1427e-16,-0
2145.78,-82.982,-78.1027,-3.05098e-16,-0
2145.88,-82.982,-78.1027,-2.96194e-16,-0
2145.98,-82.982,-78.1027,-2.8755e-16,-0
2146.08,-82.982,-78.1027,-2.79158e-16,-0
2146.18,-82.982,-78.1027,-2.7101e-16,-0
2146.28,-82.982,-78.1027,-2.631e-16,-0
2146.38,-82.982,-78.1027,-2.55421e-16,-0
2146.48,-82.982,-78.1027,-2.47966e-16,-0
2146.58,-82.982,-78.1027,-2.40729e-16,-0
2146.68,-82.982,-78.1027,-2.33703e-16,-0
2146.78,-82.982,-78.1027,-2.26881e-16,-0
2146.88,-82.982,-78.1027,-2.20259e-16,-0
2146.98,-82.982,-78.1027,-2.1383e-16,-0
2147.08,-82.982,-78.1027,-2.07588e-16,-0
2147.18,-82.982,-78.1027,-2.01528e-16,-0
2147.28,-82.982,-78.1028,-1.95646e-16,-0
2147.38,-82.982,-78.1028,-1.89935e-16,-0
2147.48,-82.982,-78.1028,-1.8439e-16,-0
2147.58,-82.982,-78.1028,-1.79007e-16,-0
2147.68,-82.982,-78.1028,-1.73782e-16,-0
2147.78,-82.982,-78.1028,-1.68709e-16,-0
2147.88,-82.982,-78.1028,-1.63783e-16,-0
2147.98,-82.982,-78.1028,-1.59002e-16,-0
2148.08,-82.982,-78.1028,-1.5436e-16,-0
2148.18,-82.982,-78.1028,-1.49854e-16,-0
2148.28,-82.982,-78.1028,-1.45479e-16,-0
2148.38,-82.982,-78.1028,-1.41231e-16,-0
2148.48,-82.982,-78.1028,-1.37108e-16,-0
2148.58,-82.982,-78.1028,-1.33105e-16,-0
2148.68,-82.982,-78.1028,-1.29219e-16,-0
2148.78,-82.982,-78.1028,-1.25446e-16,-0
2148.88,-82.982,-78.1028,-1.21783e-16,-0
2148.98,-82.982,-78.1028,-1.18227e-16,-0
2149.08,-82.982,-78.1028,-1.14775e-16,-0
2149.18,-82.982,-78.1028,-1.11424e-16,-0
2149.28,-82.982,-78.1028,-1.0817e-16,-0
2149.38,-82.982,-78.1028,-1.05012e-16,-0
2149.48,-82.982,-78.1028,-1.01945e-16,-0
2149.58,-82.982,-78.1028,-9.89684e-17,-0
2149.68,-82.982,-78.1028,-9.60785e-17,-0
2149.78,-82.982,-78.1028,-9.32728e-17,-0
2149.88,-82.982,-78.1028,-9.0549e-17,-0
2149.98,-82.982,-78.1028,-8.79048e-17,-0
2150.08,-82.982,-78.1028,-8.53377e-17,-0
2150.18,-82.982,-78.1028,-8.28456e-17,-0
2150.28,-82.982,-78.1028,-8.04262e-17,-0
2150.38,-82.982,-78.1028,-7.80774e-17,-0
2150.48,-82.982,-78.1028,-7.57972e-17,-0
2150.58,-82.982,-78.1028,-7.35835e-17,-0
2150.68,-82.982,-78.1028,-7.14345e-17,-0
2150.78,-82.982,-78.1028,-6.93481e-17,-0
2150.88,-82.982,-78.1028,-6.73227e-17,-0
2150.98,-82.982,-78.1028,-6.53565e-17,-0
2151.08,-82.982,-78.1028,-6.34476e-17,-0
2151.18,-82.982,-78.1028,-6.15944e-17,-0
2151.28,-82.982,-78.1028,-5.97954e-17,-0
2151.38,-82.982,-78.1028,-5.80488e-17,-0
2151.48,-82.982,-78.1028,-5.63533e-17,-0
2151.58,-82.982,-78.1028,-5.47073e-17,-0
2151.68,-82.982,-78.1028,-5.31093e-17,-0
2151.78,-82.982,-78.1028,-5.15579e-17,-0
2151.88,-82.982,-78.1028,-5.00519e-17,-0
2151.98,-82.982,-78.1028,-4.85898e-17,-0
2152.08,-82.982,-78.1028,-4.71705e-17,-0
2152.18,-82.982,-78.1028,-4.57925e-17,-0
2152.28,-82.982,-78.1028,-4.44548e-17,-0
2152.38,-82.982,-78.1028,-4.31562e-17,-0
2152.48,-82.982,-78.1028,-4.18954e-17,-0
2152.58,-82.982,-78.1028,-4.06715e-17,-0
2152.68,-82.982,-78.1028,-3.94834e-17,-0
2152.78,-82.982,-78.1028,-3.83299e-17,-0
2152.88,-82.982,-78.1028,-3.72101e-17,-0
2152.98,-82.982,-78.1028,-3.6123e-17,-0
2153.08,-82.982,-78.1028,-3.50676e-17,-0
2153.18,-82.982,-78.1028,-3.40431e-17,-0
2153.28,-82.982,-78.1028,-3.30485e-17,-0
2153.38,-82.982,-78.1028,-3.20829e-17,-0
2153.48,-82.982,-78.1028,-3.11455e-17,-0
2153.58,-82.982,-78.1028,-3.02355e-17,-0
2153.68,-82.982,-78.1028,-2.93521e-17,-0
2153.78,-82.982,-78.1028,-2.84945e-17,-0
2153.88,-82.982,-78.1028,-2.76619e-17,-0
2153.98,-82.982,-78.1028,-2.68536e-17,-0
2154.08,-82.982,-78.1028,-2.6069e-17,-0
2154.18,-82.982,-78.1028,-2.53072e-17,-0
2154.28,-82.982,-78.1028,-2.45678e-17,-0
2154.38,-82.982,-78.1028,-2.38499e-17,-0
2154.48,-82.982,-78.1028,-2.31529e-17,-0
2154.58,-82.982,-78.1028,-2.24764e-17,-0
2154.68,-82.982,-78.1028,-2.18196e-17,-0
2154.78,-82.982,-78.1028,-2.11819e-17,-0
2154.88,-82.982,-78.1028,-2.05629e-17,-0
2154.98,-82.982,-78.1028,-1.9962e-17,-0
2155.08,-82.982,-78.1028,-1.93786e-17,-0
2155.18,-82.982,-78.1028,-1.88123e-17,-0
2155.28,-82.982,-78.1028,-1.82625e-17,-0
2155.38,-82.982,-78.1028,-1.77288e-17,-0
2155.48,-82.982,-78.1028,-1.72107e-17,-0
2155.58,-82.982,-78.1028,-1.67077e-17,-0
2155.68,-82.982,-78.1028,-1.62194e-17,-0
2155.78,-82.982,-78.1028,-1.57454e-17,-0
2155.88,-82.982,-78.1028,-1.52852e-17,-0
2155.98,-82.982,-78.1028,-1.48384e-17,-0
2156.08,-82.982,-78.1028,-1.44047e-17,-0
2156.18,-82.982,-78.1028,-1.39837e-17,-0
2156.28,-82.982,-78.1028,-1.3575e-17,-0
2156.38,-82.982,-78.1028,-1.31782e-17,-0
2156.48,-82.982,-78.1028,-1.2793e-17,-0
2156.58,-82.982,-78.1028,-1.24191e-17,-0
2156.68,-82.982,-78.1028,-1.20561e-17,-0
2156.78,-82.982,-78.1028,-1.17036e-17,-0
2156.88,-82.982,-78.1028,-1.13615e-17,-0
2156.98,-82.982,-78.1028,-1.10294e-17,-0
2157.08,-82.982,-78.1028,-1.0707e-17,-0
2157.18,-82.982,-78.1028,-1.0394e-17,-0
2157.28,-82.982,-78.1028,-1.00902e-17,-0
2157.38,-82.982,-78.1028,-9.79522e-18,-0
2157.48,-82.982,-78.1028,-9.50887e-18,-0
2157.58,-82.982,-78.1028,-9.23089e-18,-0
2157.68,-82.982,-78.1028,-8.96103e-18,-0
2157.78,-82.982,-78.1028,-8.69906e-18,-0
2157.88,-82.982,-78.1028,-8.44475e-18,-0
2157.98,-82.982,-78.1028,-8.19786e-18,-0
2158.08,-82.982,-78.1028,-7.95819e-18,-0
2158.18,-82.982,-78.1028,-7.72552e-18,-0
2158.28,-82.982,-78.1028,-7.49966e-18,-0
2158.38,-82.982,-78.1028,-7.28039e-18,-0
2158.48,-82.982,-78.1028,-7.06753e-18,-0
2158.58,-82.982,-78.1028,-6.8609e-18,-0
2158.68,-82.982,-78.1028,-6.6603e-18,-0
2158.78,-82.982,-78.1028,-6.46556e-18,-0
2158.88,-82.982,-78.1028,-6.27652e-18,-0
2158.98,-82.982,-78.1028,-6.093e-18,-0
2159.08,-82.982,-78.1028,-5.91484e-18,-0
2159.18,-82.982,-78.1028,-5.74189e-18,-0
2159.28,-82.982,-78.1028,-5.57399e-18,-0
2159.38,-82.982,-78.1028,-5.41101e-18,-0
2159.48,-82.982,-78.1028,-5.25278e-18,-0
2159.58,-82.982,-78.1028,-5.09918e-18,-0
2159.68,-82.982,-78.1028,-4.95008e-18,-0
2159.78,-82.982,-78.1028,-4.80532e-18,-0
2159.88,-82.982,-78.1028,-4.6648e-18,-0
2159.98,-82.982,-78.1028,-4.52839e-18,-0
2160.08,-82.982,-78.1028,-4.39597e-18,-0
2160.18,-82.982,-78.1028,-4.26741e-18,-0
2160.28,-82.982,-78.1028,-4.14261e-18,-0
2160.38,-82.982,-78.1028,-4.02147e-18,-0
2160.48,-82.982,-78.1028,-3.90386e-18,-0
2160.58,-82.982,-78.1028,-3.78969e-18,-0
2160.68,-82.982,-78.1028,-3.67886e-18,-0
2160.78,-82.982,-78.1028,-3.57127e-18,-0
2160.88,-82.982,-78.1028,-3.46682e-18,-0
2160.98,-82.982,-78.1028,-3.36543e-18,-0
2161.08,-82.982,-78.1028,-3.267e-18,-0
2161.18,-82.982,-78.1028,-3.17145e-18,-0
2161.28,-82.982,-78.1028,-3.07869e-18,-0
2161.38,-82.982,-78.1028,-2.98864e-18,-0
2161.48,-82.982,-78.1028,-2.90123e-18,-0
2161.58,-82.982,-78.1028,-2.81637e-18,-0
2161.68,-82.982,-78.1028,-2.73399e-18,-0
2161.78,-82.982,-78.1028,-2.65402e-18,-0
2161.88,-82.982,-78.1028,-2.57639e-18,-0
2161.98,-82.982,-78.1028,-2.50103e-18,-0
2162.08,-82.982,-78.1028,-2.42788e-18,-0
2162.18,-82.982,-78.1028,-2.35686e-18,-0
2162.28,-82.982,-78.1028,-2.28792e-18,-0
2162.38,-82.982,-78.1028,-2.22099e-18,-0
2162.48,-82.982,-78.1028,-2.15602e-18,-0
2162.58,-82.982,-78.1028,-2.09295e-18,-0
2162.68,-82.982,-78.1028,-2.03173e-18,-0
2162.78,-82.982,-78.1028,-1.97229e-18,-0
2162.88,-82.982,-78.1028,-1.91459e-18,-0
2162.98,-82.982,-78.1028,-1.85858e-18,-0
2163.08,-82.982,-78.1028,-1.80421e-18,-0
2163.18,-82.982,-78.1028,-1.75143e-18,-0
2163.28,-82.982,-78.1028,-1.70019e-18,-0
2163.38,-82.982,-78.1028,-1.65045e-18,-0
2163.48,-82.982,-78.1028,-1.60217e-18,-0
2163.58,-82.982,-78.1028,-1.55529e-18,-0
2163.68,-82.982,-78.1028,-1.50979e-18,-0
2163.78,-82.982,-78.1028,-1.46562e-18,-0
2163.88,-82.982,-78.1028,-1.42274e-18,-0
2163.98,-82.982,-78.1028,-1.38111e-18,-0
2164.08,-82.982,-78.1028,-1.3407e-18,-0
2164.18,-82.982,-78.1028,-1.30148e-18,-0
2164.28,-82.982,-78.1028,-1.2634e-18,-0
2164.38,-82.982,-78.1028,-1.22643e-18,-0
2164.48,-82.982,-78.1028,-1.19055e-18,-0
2164.58,-82.982,-78.1028,-1.15571e-18,-0
2164.68,-82.982,-78.1028,-1.12189e-18,-0
2164.78,-82.982,-78.1028,-1.08907e-18,-0
2164.88,-82.982,-78.1028,-1.0572e-18,-0
2164.98,-82.982,-78.1028,-1.02626e-18,-0
2165.08,-82.982,-78.1028,-9.96234e-19,-0
2165.18,-82.982,-78.1028,-9.67082e-19,-0
2165.28,-82.982,-78.1028,-9.38783e-19,-0
2165.38,-82.982,-78.1028,-9.11311e-19,-0
2165.48,-82.982,-78.1028,-8.84643e-19,-0
2165.58,-82.982,-78.1028,-8.58756e-19,-0
2165.68,-82.982,-78.1028,-8.33625e-19,-0
2165.78,-82.982,-78.1028,-8.0923e-19,-0
2165.88,-82.982,-78.1028,-7.85548e-19,-0
2165.98,-82.982,-78.1028,-7.62559e-19,-0
2166.08,-82.982,-78.1028,-7.40243e-19,-0
2166.18,-82.982,-78.1028,-7.18579e-19,-0
2166.28,-82.982,-78.1028,-6.97549e-19,-0
2166.38,-82.982,-78.1028,-6.77134e-19,-0
2166.48,-82.982,-78.1028,-6.57317e-19,-0
2166.58,-82.982,-78.1028,-6.38079e-19,-0
2166.68,-82.982,-78.1028,-6.19404e-19,-0
2166.78,-82.982,-78.1028,-6.01276e-19,-0
2166.88,-82.982,-78.1028,-5.83677e-19,-0
2166.98,-82.982,-78.1028,-5.66594e-19,-0
2167.08,-82.982,-78.1028,-5.50011e-19,-0
2167.18,-82.982,-78.1028,-5.33912e-19,-0
2167.28,-82.982,-78.1028,-5.18285e-19,-0
2167.38,-82.982,-78.1028,-5.03115e-19,-0
2167.48,-82.982,-78.1028,-4.88389e-19,-0
2167.58,-82.982,-78.1028,-4.74093e-19,-0
2167.68,-82.982,-78.1028,-4.60216e-19,-0
2167.78,-82.982,-78.1028,-4.46745e-19,-0
2167.88,-82.982,-78.1028,-4.33668e-19,-0
2167.98,-82.982,-78.1028,-4.20974e-19,-0
2168.08,-82.982,-78.1028,-4.08651e-19,-0
2168.18,-82.982,-78.1028,-3.96689e-19,-0
2168.28,-82.982,-78.1028,-3.85077e-19,-0
2168.38,-82.982,-78.1028,-3.73804e-19,-0
2168.48,-82.982,-78.1028,-3.62861e-19,-0
2168.58,-82.982,-78.1028,-3.52239e-19,-0
2168.68,-82.982,-78.1028,-3.41928e-19,-0
2168.78,-82.982,-78.1028,-3.31918e-19,-0
2168.88,-82.982,-78.1028,-3.22201e-19,-0
2168.98,-82.982,-78.1028,-3.12768e-19,-0
2169.08,-82.982,-78.1028,-3.03612e-19,-0
2169.18,-82.982,-78.1028,-2.94723e-19,-0
2169.28,-82.982,-78.1028,-2.86095e-19,-0
2169.38,-82.982,-78.1028,-2.77719e-19,-0
2169.48,-82.982,-78.1028,-2.69588e-19,-0
2169.58,-82.982,-78.1028,-2.61695e-19,-0
2169.68,-82.982,-78.1028,-2.54034e-19,-0
2169.78,-82.982,-78.1028,-2.46596e-19,-0
2169.88,-82.982,-78.1028,-2.39376e-19,-0
2169.98,-82.982,-78.1028,-2.32367e-19,-0
2170.08,-82.982,-78.1028,-2.25564e-19,-0
2170.18,-82.982,-78.1028,-2.1896e-19,-0
2170.28,-82.982,-78.1028,-2.12548e-19,-0
2170.38,-82.982,-78.1028,-2.06325e-19,-0
2170.48,-82.982,-78.1028,-2.00284e-19,-0
2170.58,-82.982,-78.1028,-1.94419e-19,-0
2170.68,-82.982,-78.1028,-1.88727e-19,-0
2170.78,-82.982,-78.1028,-1.832e-19,-0
2170.88,-82.982,-78.1028,-1.77836e-19,-0
2170.98,-82.982,-78.1028,-1.72629e-19,-0
2171.08,-82.982,-78.1028,-1.67574e-19,-0
2171.18,-82.982,-78.1028,-1.62667e-19,-0
2171.28,-82.982,-78.1028,-1.57903e-19,-0
2171.38,-82.982,-78.1028,-1.53279e-19,-0
2171.48,-82.982,-78.1028,-1.48791e-19,-0
2171.58,-82.982,-78.1028,-1.44433e-19,-0
2171.68,-82.982,-78.1028,-1.40204e-19,-0
2171.78,-82.982,-78.1028,-1.36098e-19,-0
2171.88,-82.982,-78.1028,-1.32112e-19,-0
2171.98,-82.982,-78.1028,-1.28243e-19,-0
2172.08,-82.982,-78.1028,-1.24488e-19,-0
2172.18,-82.982,-78.1028,-1.20842e-19,-0
2172.28,-82.982,-78.1028,-1.17303e-19,-0
2172.38,-82.982,-78.1028,-1.13868e-19,-0
2172.48,-82.982,-78.1028,-1.10533e-19,-0
2172.58,-82.982,-78.1028,-1.07296e-19,-0
2172.68,-82.982,-78.1028,-1.04153e-19,-0
2172.78,-82.982,-78.1028,-1.01103e-19,-0
2172.88,-82.982,-78.1028,-9.81416e-20,-0
2172.98,-82.982,-78.1028,-9.52671e-20,-0
2173.08,-82.982,-78.1028,-9.24769e-20,-0
2173.18,-82.982,-78.1028,-8.97683e-20,-0
2173.28,-82.982,-78.1028,-8.7139e-20,-0
2173.38,-82.982,-78.1028,-8.45867e-20,-0
2173.48,-82.982,-78.1028,-8.21091e-20,-0
2173.58,-82.982,-78.1028,-7.97041e-20,-0
2173.68,-82.982,-78.1028,-7.73695e-20,-0
2173.78,-82.982,-78.1028,-7.51033e-20,-0
2173.88,-82.982,-78.1028,-7.29034e-20,-0
2173.98,-82.982,-78.1028,-7.07679e-20,-0
2174.08,-82.982,-78.1028,-6.8695e-20,-0
2174.18,-82.982,-78.1028,-6.66827e-20,-0
2174.28,-82.982,-78.1028,-6.47294e-20,-0
2174.38,-82.982,-78.1028,-6.28333e-20,-0
2174.48,-82.982,-78.1028,-6.09927e-20,-0
2174.58,-82.982,-78.1028,-5.9206e-20,-0
2174.68,-82.982,-78.1028,-5.74716e-20,-0
2174.78,-82.982,-78.1028,-5.5788e-20,-0
2174.88,-82.982,-78.1028,-5.41537e-20,-0
2174.98,-82.982,-78.1028,-5.25673e-20,-0
2175.08,-82.982,-78.1028,-5.10273e-20,-0
2175.18,-82.982,-78.1028,-4.95324e-20,-0
2175.28,-82.982,-78.1028,-4.80813e-20,-0
2175.38,-82.982,-78.1028,-4.66727e-20,-0
2175.48,-82.982,-78.1028,-4.53054e-20,-0
2175.58,-82.982,-78.1028,-4.39781e-20,-0
2175.68,-82.982,-78.1028,-4.26896e-20,-0
2175.78,-82.982,-78.1028,-4.14389e-20,-0
2175.88,-82.982,-78.1028,-4.02248e-20,-0
2175.98,-82.982,-78.1028,-3.90463e-20,-0
2176.08,-82.982,-78.1028,-3.79023e-20,-0
2176.18,-82.982,-78.1028,-3.67918e-20,-0
2176.28,-82.982,-78.1028,-3.57139e-20,-0
2176.38,-82.982,-78.1028,-3.46675e-20,-0
2176.48,-82.982,-78.1028,-3.36517e-20,-0
2176.58,-82.982,-78.1028,-3.26657e-20,-0
2176.68,-82.982,-78.1028,-3.17086e-20,-0
2176.78,-82.982,-78.1028,-3.07795e-20,-0
2176.88,-82.982,-78.1028,-2.98777e-20,-0
2176.98,-82.982,-78.1028,-2.90022e-20,-0
2177.08,-82.982,-78.1028,-2.81524e-20,-0
2177.18,-82.982,-78.1028,-2.73275e-20,-0
2177.28,-82.982,-78.1028,-2.65267e-20,-0
2177.38,-82.982,-78.1028,-2.57494e-20,-0
2177.48,-82.982,-78.1028,-2.49949e-20,-0
2177.58,-82.982,-78.1028,-2.42625e-20,-0
2177.68,-82.982,-78.1028,-2.35515e-20,-0
2177.78,-82.982,-78.1028,-2.28613e-20,-0
2177.88,-82.982,-78.1028,-2.21914e-20,-0
2177.98,-82.982,-78.1028,-2.15411e-20,-0
2178.08,-82.982,-78.1028,-2.09098e-20,-0
2178.18,-82.982,-78.1028,-2.02971e-20,-0
2178.28,-82.982,-78.1028,-1.97023e-20,-0
2178.38,-82.982,-78.1028,-1.91249e-20,-0
2178.48,-82.982,-78.1028,-1.85644e-20,-0
2178.58,-82.982,-78.1028,-1.80204e-20,-0
2178.68,-82.982,-78.1028,-1.74922e-20,-0
2178.78,-82.982,-78.1028,-1.69796e-20,-0
2178.88,-82.982,-78.1028,-1.6482e-20,-0
2178.98,-82.982,-78.1028,-1.59989e-20,-0
2179.08,-82.982,-78.1028,-1.553e-20,-0
2179.18,-82.982,-78.1028,-1.50749e-20,-0
2179.28,-82.982,-78.1028,-1.46331e-20,-0
2179.38,-82.982,-78.1028,-1.42042e-20,-0
2179.48,-82.982,-78.1028,-1.37879e-20,-0
2179.58,-82.982,-78.1028,-1.33838e-20,-0
2179.68,-82.982,-78.1028,-1.29915e-20,-0
2179.78,-82.982,-78.1028,-1.26107e-20,-0
2179.88,-82.982,-78.1028,-1.22411e-20,-0
2179.98,-82.982,-78.1028,-1.18823e-20,-0
2180.08,-82.982,-78.1028,-1.1534e-20,-0
2180.18,-82.982,-78.1028,-1.1196e-20,-0
2180.28,-82.982,-78.1028,-1.08678e-20,-0
2180.38,-82.982,-78.1028,-1.05492e-20,-0
2180.48,-82.982,-78.1028,-1.024e-20,-0
2180.58,-82.982,-78.1028,-9.93986e-21,-0
2180.68,-82.982,-78.1028,-9.6485e-21,-0
2180.78,-82.982,-78.1028,-9.36567e-21,-0
2180.88,-82.982,-78.1028,-9.09113e-21,-0
2180.98,-82.982,-78.1028,-8.82464e-21,-0
2181.08,-82.982,-78.1028,-8.56596e-21,-0
2181.18,-82.982,-78.1028,-8.31486e-21,-0
2181.28,-82.982,-78.1028,-8.07111e-21,-0
2181.38,-82.982,-78.1028,-7.83451e-21,-0
2181.48,-82.982,-78.1028,-7.60484e-21,-0
2181.58,-82.982,-78.1028,-7.38191e-21,-0
2181.68,-82.982,-78.1028,-7.1655e-21,-0
2181.78,-82.982,-78.1028,-6.95544e-21,-0
2181.88,-82.982,-78.1028,-6.75153e-21,-0
2181.98,-82.982,-78.1028,-6.5536e-21,-0
2182.08,-82.982,-78.1028,-6.36147e-21,-0
2182.18,-82.982,-78.1028,-6.17497e-21,-0
2182.28,-82.982,-78.1028,-5.99394e-21,-0
2182.38,-82.982,-78.1028,-5.81821e-21,-0
2182.48,-82.982,-78.1028,-5.64764e-21,-0
2182.58,-82.982,-78.1028,-5.48206e-21,-0
2182.68,-82.982,-78.1028,-5.32133e-21,-0
2182.78,-82.982,-78.1028,-5.16532e-21,-0
2182.88,-82.982,-78.1028,-5.01388e-21,-0
2182.98,-82.982,-78.1028,-4.86687e-21,-0
2183.08,-82.982,-78.1028,-4.72418e-21,-0
2183.18,-82.982,-78.1028,-4.58567e-21,-0
2183.28,-82.982,-78.1028,-4.45121e-21,-0
2183.38,-82.982,-78.1028,-4.3207e-21,-0
2183.48,-82.982,-78.1028,-4.19402e-21,-0
2183.58,-82.982,-78.1028,-4.07104e-21,-0
2183.68,-82.982,-78.1028,-3.95168e-21,-0
2183.78,-82.982,-78.1028,-3.83581e-21,-0
2183.88,-82.982,-78.1028,-3.72333e-21,-0
2183.98,-82.982,-78.1028,-3.61416e-21,-0
2184.08,-82.982,-78.1028,-3.50818e-21,-0
2184.18,-82.982,-78.1028,-3.40531e-21,-0
2184.28,-82.982,-78.1028,-3.30546e-21,-0
2184.38,-82.982,-78.1028,-3.20853e-21,-0
2184.48,-82.982,-78.1028,-3.11444e-21,-0
2184.58,-82.982,-78.1028,-3.02312e-21,-0
2184.68,-82.982,-78.1028,-2.93447e-21,-0
2184.78,-82.982,-78.1028,-2.84841e-21,-0
2184.88,-82.982,-78.1028,-2.76489e-21,-0
2184.98,-82.982,-78.1028,-2.68381e-21,-0
2185.08,-82.982,-78.1028,-2.6051e-21,-0
2185.18,-82.982,-78.1028,-2.52871e-21,-0
2185.28,-82.982,-78.1028,-2.45455e-21,-0
2185.38,-82.982,-78.1028,-2.38257e-21,-0
2185.48,-82.982,-78.1028,-2.31269e-21,-0
2185.58,-82.982,-78.1028,-2.24487e-21,-0
2185.68,-82.982,-78.1028,-2.17904e-21,-0
2185.78,-82.982,-78.1028,-2.11513e-21,-0
2185.88,-82.982,-78.1028,-2.0531e-21,-0
2185.98,-82.982,-78.1028,-1.99289e-21,-0
2186.08,-82.982,-78.1028,-1.93444e-21,-0
2186.18,-82.982,-78.1028,-1.8777e-21,-0
2186.28,-82.982,-78.1028,-1.82263e-21,-0
2186.38,-82.982,-78.1028,-1.76918e-21,-0
2186.48,-82.982,-78.1028,-1.71729e-21,-0
2186.58,-82.982,-78.1028,-1.66692e-21,-0
2186.68,-82.982,-78.1028,-1.61803e-21,-0
2186.78,-82.982,-78.1028,-1.57057e-21,-0
2186.88,-82.982,-78.1028,-1.52451e-21,-0
2186.98,-82.982,-78.1028,-1.47979e-21,-0
2187.08,-82.982,-78.1028,-1.43639e-21,-0
2187.18,-82.982,-78.1028,-1.39426e-21,-0
2187.28,-82.982,-78.1028,-1.35336e-21,-0
2187.38,-82.982,-78.1028,-1.31367e-21,-0
2187.48,-82.982,-78.1028,-1.27513e-21,-0
2187.58,-82.982,-78.1028,-1.23773e-21,-0
2187.68,-82.982,-78.1028,-1.20143e-21,-0
2187.78,-82.982,-78.1028,-1.16618e-21,-0
2187.88,-82.982,-78.1028,-1.13198e-21,-0
2187.98,-82.982,-78.1028,-1.09877e-21,-0
2188.08,-82.982,-78.1028,-1.06654e-21,-0
2188.18,-82.982,-78.1028,-1.03526e-21,-0
2188.28,-82.982,-78.1028,-1.00489e-21,-0
2188.38,-82.982,-78.1028,-9.75409e-22,-0
2188.48,-82.982,-78.1028,-9.46796e-22,-0
2188.58,-82.982,-78.1028,-9.19021e-22,-0
2188.68,-82.982,-78.1028,-8.92062e-22,-0
2188.78,-82.982,-78.1028,-8.65893e-22,-0
2188.88,-82.982,-78.1028,-8.40491e-22,-0
2188.98,-82.982,-78.1028,-8.15834e-22,-0
2189.08,-82.982,-78.1028,-7.919e-22,-0
2189.18,-82.982,-78.1028,-7.68669e-22,-0
2189.28,-82.982,-78.1028,-7.46118e-22,-0
2189.38,-82.982,-78.1028,-7.24229e-22,-0
2189.48,-82.982,-78.1028,-7.02982e-22,-0
2189.58,-82.982,-78.1028,-6.82358e-22,-0
2189.68,-82.982,-78.1028,-6.62339e-22,-0
2189.78,-82.982,-78.1028,-6.42907e-22,-0
2189.88,-82.982,-78.1028,-6.24045e-22,-0
2189.98,-82.982,-78.1028,-6.05737e-22,-0
2190.08,-82.982,-78.1028,-5.87965e-22,-0
2190.18,-82.982,-78.1028,-5.70714e-22,-0
2190.28,-82.982,-78.1028,-5.5397e-22,-0
2190.38,-82.982,-78.1028,-5.37716e-22,-0
2190.48,-82.982,-78.1028,-5.2194e-22,-0
2190.58,-82.982,-78.1028,-5.06626e-22,-0
2190.68,-82.982,-78.1028,-4.91761e-22,-0
2190.78,-82.982,-78.1028,-4.77332e-22,-0
2190.88,-82.982,-78.1028,-4.63327e-22,-0
2190.98,-82.982,-78.1028,-4.49732e-22,-0
2191.08,-82.982,-78.1028,-4.36536e-22,-0
2191.18,-82.982,-78.1028,-4.23727e-22,-0
2191.28,-82.982,-78.1028,-4.11294e-22,-0
2191.38,-82.982,-78.1028,-3.99226e-22,-0
2191.48,-82.982,-78.1028,-3.87511e-22,-0
2191.58,-82.982,-78.1028,-3.7614e-22,-0
2191.68,-82.982,-78.1028,-3.65103e-22,-0
2191.78,-82.982,-78.1028,-3.5439e-22,-0
2191.88,-82.982,-78.1028,-3.43991e-22,-0
2191.98,-82.982,-78.1028,-3.33896e-22,-0
2192.08,-82.982,-78.1028,-3.24098e-22,-0
2192.18,-82.982,-78.1028,-3.14588e-22,-0
2192.28,-82.982,-78.1028,-3.05356e-22,-0
2192.38,-82.982,-78.1028,-2.96396e-22,-0
2192.48,-82.982,-78.1028,-2.87698e-22,-0
2192.58,-82.982,-78.1028,-2.79255e-22,-0
2192.68,-82.982,-78.1028,-2.7106e-22,-0
2192.78,-82.982,-78.1028,-2.63105e-22,-0
2192.88,-82.982,-78.1028,-2.55384e-22,-0
2192.98,-82.982,-78.1028,-2.47889e-22,-0
2193.08,-82.982,-78.1028,-2.40615e-22,-0
2193.18,-82.982,-78.1028,-2.33553e-22,-0
2193.28,-82.982,-78.1028,-2.26699e-22,-0
2193.38,-82.982,-78.1028,-2.20046e-22,-0
2193.48,-82.982,-78.1028,-2.13588e-22,-0
2193.58,-82.982,-78.1028,-2.0732e-22,-0
2193.68,-82.982,-78.1028,-2.01235e-22,-0
2193.78,-82.982,-78.1028,-1.95329e-22,-0
2193.88,-82.982,-78.1028,-1.89596e-22,-0
2193.98,-82.982,-78.1028,-1.84032e-22,-0
2194.08,-82.982,-78.1028,-1.7863e-22,-0
2194.18,-82.982,-78.1028,-1.73388e-22,-0
2194.28,-82.982,-78.1028,-1.68299e-22,-0
2194.38,-82.982,-78.1028,-1.63359e-22,-0
2194.48,-82.982,-78.1028,-1.58564e-22,-0
2194.58,-82.982,-78.1028,-1.5391e-22,-0
2194.68,-82.982,-78.1028,-1.49393e-22,-0
2194.78,-82.982,-78.1028,-1.45008e-22,-0
2194.88,-82.982,-78.1028,-1.40752e-22,-0
2194.98,-82.982,-78.1028,-1.3662e-22,-0
